filename, Unlabeled, crossbite, normal, openbite, overbite, underbite
crossbite-55_png.rf.cb478819018a0965c6101b65c66dbf43.jpg, 0, 1, 0, 0, 0, 0
openbite-57_png.rf.cb92146b66b084917d2a2dd8ea421210.jpg, 0, 0, 0, 1, 0, 0
underbite-19_png.rf.cbe70ee74f3e6cc63ed7d9c2ea57cf4a.jpg, 0, 1, 0, 0, 0, 1
crossbite-12_jpeg.rf.cc19da26efe5e417325030b8ad70d152.jpg, 0, 1, 0, 0, 0, 0
openbite-38_jpeg.rf.cc21ca0d5ac758e309b646448117e7eb.jpg, 0, 0, 0, 1, 0, 0
overbite-78_png.rf.cc31802cb5c68b1e3894cbea334995e5.jpg, 0, 0, 0, 0, 1, 0
crossbite-63_jpg.rf.cc4c312d111b30c18eaa15dbec3bf908.jpg, 0, 1, 0, 0, 0, 0
overbite-77_jpeg.rf.cc81ce27076ef8bad9b853121f1227a8.jpg, 0, 0, 0, 0, 1, 0
healthy-6_jpeg.rf.cd07f8b2bd42df540b8968a53aaa94a1.jpg, 0, 0, 1, 0, 0, 0
openbite-39_jpeg.rf.cd5024aa53134c69f11b5c0d7a11f927.jpg, 0, 0, 0, 1, 0, 0
openbite-10_png.rf.ce415acff204f9bb642afae144ef0acf.jpg, 0, 0, 0, 1, 0, 0
openbite-1_jpeg.rf.cd07483002f2f3c0425c8d4d93a4193b.jpg, 0, 0, 0, 1, 0, 0
healthy-41_png.rf.cd57784b121357228f38c2bf2626bb9e.jpg, 0, 0, 1, 1, 0, 0
openbite-23_jpeg.rf.ce1fae49647c0f9daaff01ad239adc03.jpg, 0, 0, 0, 1, 0, 0
overbite-123_png.rf.ce50bc15e9429d53ec12b945a80a39c1.jpg, 0, 0, 0, 0, 1, 0
crossbite-10_png.rf.ced58c01a84de37af06f4b340992c555.jpg, 0, 1, 0, 0, 0, 0
openbite-29_jpeg.rf.cdf42ae9d45f33c3ba95c2757d22e06e.jpg, 0, 0, 0, 1, 0, 0
healthy-51_png.rf.cfa4890667e158ca1fb998e29a78e591.jpg, 0, 0, 1, 0, 0, 0
overbite-120_jpeg.rf.cf92deb314aeba28ee57903de0787da0.jpg, 0, 0, 0, 0, 1, 0
openbite-31_png.rf.cf4a45061b15bfceac074c729320a430.jpg, 0, 0, 0, 1, 0, 0
underbite-19_png.rf.d000c75ca6a4cf3267afc6d51046b97f.jpg, 0, 1, 0, 0, 0, 1
overbite-114_png.rf.ce969c0e9d2a0576ccf9688d5052921a.jpg, 0, 0, 0, 0, 1, 0
crossbite-37_jpeg.rf.d01072671908bee6667722e9b10ee08e.jpg, 0, 1, 0, 0, 0, 0
crossbite-23_png.rf.d0f0c29a698a6de069f4b97da89fda82.jpg, 0, 1, 0, 0, 0, 0
overbite-81_jpeg.rf.d095701fcce36ca3de6b4475a513de63.jpg, 0, 0, 0, 0, 1, 0
healthy-26_png.rf.d2c293d36f6abdcdc7540d683807d4d5.jpg, 0, 0, 1, 0, 0, 0
openbite-41_jpeg.rf.d4a0a3eda6936cbaa55e768e96638a3b.jpg, 0, 0, 0, 1, 0, 0
healthy-21_png.rf.d1de7671b45cb170ee0e66924877356c.jpg, 0, 0, 1, 0, 0, 0
crossbite-42_jpeg.rf.d50260b35aab7f31c365e0e27633c627.jpg, 0, 1, 0, 0, 0, 0
openbite-58_png.rf.d11017160acfce02eaee35c1906833ee.jpg, 0, 0, 0, 1, 0, 0
healthy-39_png.rf.d3e8536291debd677f288cb8dd767b4b.jpg, 0, 0, 1, 0, 0, 0
openbite-60_png.rf.d70b44e87af2a19400469cc54e656f5d.jpg, 0, 0, 0, 1, 0, 0
openbite-9_png.rf.d648bcbba7d18dea26497a1eca6c79e7.jpg, 0, 0, 0, 1, 0, 0
healthy-56_png.rf.d530d4a4d772bed3252bbdf26eb0c180.jpg, 0, 0, 1, 0, 0, 0
crossbite-30_jpg.rf.d3a6df0577b391c5fb101b29c2caa681.jpg, 0, 1, 0, 0, 0, 0
healthy-48_png.rf.d57fb03e52e0465ec7797a011bb5d2f5.jpg, 0, 0, 1, 0, 0, 0
crossbite-10_png.rf.d5cdc3b3df64915375b87b3ecb3058b3.jpg, 0, 1, 0, 0, 0, 0
openbite-8_jpeg.rf.d4db29af8280db2cce59c2b2ab8bbd77.jpg, 0, 0, 0, 1, 0, 0
overbite-16_jpeg.rf.d7b987f0f8524364906fb08844ebc617.jpg, 0, 0, 0, 0, 1, 0
crossbite-50_png.rf.d59bc8a57f1b6e0ecd66b5cca63f6824.jpg, 0, 1, 0, 0, 0, 0
overbite-66_jpeg.rf.d574c685f06b65931919e87982a9cd10.jpg, 0, 0, 0, 0, 1, 0
crossbite-60_jpeg.rf.d78bf112097dce2f8493385a4cdee493.jpg, 0, 1, 0, 0, 0, 0
crossbite-33_jpeg.rf.d1f4f064b38ce857dddbf27f90965360.jpg, 0, 1, 0, 0, 0, 0
openbite-61_png.rf.d4ba8cb269c96fab9addb4346d4f2ef8.jpg, 0, 0, 0, 1, 0, 0
crossbite-8_jpeg.rf.d170ee3c8f5377972680fe26ecd90e2c.jpg, 0, 1, 0, 0, 0, 0
crossbite-54_png.rf.d154c8771051916e8151319d5ca1d004.jpg, 0, 1, 0, 0, 0, 0
overbite-55_png.rf.d5fcd55b9dc4be4f98375bbe4681420d.jpg, 0, 0, 0, 0, 1, 0
overbite-104_png.rf.d3622c3f3d24b69ffb866d3f172f0348.jpg, 0, 0, 0, 0, 1, 0
healthy-46_png.rf.d6274dcfa9324f7a455a07052e675e51.jpg, 0, 0, 1, 0, 0, 0
crossbite-54_png.rf.d8671820c99a6ad39b3095c135fd2831.jpg, 0, 1, 0, 0, 0, 0
openbite-18_jpeg.rf.d4a82b328c2eb9c81a41cc7025ac4c90.jpg, 0, 0, 0, 1, 0, 0
overbite-94_jpeg.rf.d73c735650f7b7a682c5c10ffe1a78d2.jpg, 0, 0, 0, 0, 1, 0
underbite-1_jpeg.rf.d875ab2512f54693cf1b1a3ebea731d2.jpg, 0, 0, 0, 0, 0, 1
crossbite-42_jpeg.rf.da953d7c988d870248f62f0eaa786ab1.jpg, 0, 1, 0, 0, 0, 0
healthy-9_png.rf.daf3707f233f0f2fa90654323fa498c3.jpg, 0, 0, 1, 0, 0, 0
overbite-35_jpeg.rf.ddaf7291e481a621857669d4139715e5.jpg, 0, 1, 0, 0, 1, 0
overbite-37_png.rf.db804350226407976ce60f7d17e58783.jpg, 0, 0, 0, 0, 1, 0
healthy-63_png.rf.d9ad980babaac724a87e259f8ea04b6e.jpg, 0, 0, 1, 0, 0, 0
overbite-119_jpeg.rf.d7196c296fd62ed0f1b344584d171faf.jpg, 0, 0, 0, 0, 1, 0
crossbite-15_jpeg.rf.dbdb3c69cd0839b269396aff234a2fb0.jpg, 0, 1, 0, 0, 0, 0
underbite-22_png.rf.dce527f38bcb362ea570fadab5adc353.jpg, 0, 0, 0, 0, 0, 1
openbite-18_jpeg.rf.def7a606a3277a3b1cfa3612d046c507.jpg, 0, 0, 0, 1, 0, 0
overbite-15_jpeg.rf.dcbc099ee6d6724b2fbed9a114ff1469.jpg, 0, 0, 0, 0, 1, 0
underbite-16_jpeg.rf.d884960de29e40d8f38ed1b8b6e7266c.jpg, 0, 0, 0, 0, 0, 1
crossbite-5_jpeg.rf.e03e2749de495dfd43fd639fbe8383d0.jpg, 0, 1, 0, 0, 0, 0
overbite-52_jpeg.rf.ddc101e605222656e7a86417f0acf2f2.jpg, 0, 0, 0, 0, 1, 0
underbite-16_jpeg.rf.de68ddef4368114df8347186e93f5cf9.jpg, 0, 0, 0, 0, 0, 1
overbite-56_jpeg.rf.dd6c413fb25af8dbffb08c5bb4e66a71.jpg, 0, 0, 0, 0, 1, 0
crossbite-8_jpeg.rf.e03086289e47fab6aa9b1827cd9057bc.jpg, 0, 1, 0, 0, 0, 0
openbite-32_png.rf.de8afa1e311b47af1640e91761151039.jpg, 0, 0, 0, 1, 0, 0
overbite-120_jpeg.rf.def41e4484b20c5102cab095110bbbdf.jpg, 0, 0, 0, 0, 1, 0
overbite-36_jpeg.rf.df31a5497e266c646604323da60146f5.jpg, 0, 0, 0, 0, 1, 0
openbite-31_png.rf.de9a5c149cadb98fd5109953755a325b.jpg, 0, 0, 0, 1, 0, 0
healthy-62_png.rf.dbc4abe626b5b1dcc0fbe5b8a8eab641.jpg, 0, 0, 1, 0, 0, 0
healthy-45_png.rf.dfbc6e6de454a9ea6faf40b9ce382eeb.jpg, 0, 0, 1, 0, 0, 0
openbite-21_jpg.rf.dfb615b85301f53841b8a2e83fc166ad.jpg, 0, 0, 0, 1, 0, 0
overbite-13_jpeg.rf.e0d1a3c9dd6c64b9c28de01565ae966f.jpg, 0, 0, 0, 0, 1, 0
crossbite-45_jpeg.rf.e003da67a6a37a926d6d921bce48d6f6.jpg, 0, 0, 0, 0, 1, 0
healthy-24_png.rf.e1c1c8f083dbdb102cd445baf4dbbe44.jpg, 0, 0, 1, 0, 0, 0
crossbite-25_jpg.rf.dd6e4a52c2a9d2f5583e8744dbbfec16.jpg, 0, 1, 0, 0, 0, 0
healthy-44_png.rf.e1119c63a34c31c1f0b2453445d48470.jpg, 0, 0, 1, 0, 0, 0
crossbite-42_jpeg.rf.e21c87eadf9075ab8b0af087dc880969.jpg, 0, 1, 0, 0, 0, 0
overbite-98_jpeg.rf.e323efbb12970a0d2969d9b598547370.jpg, 0, 0, 0, 0, 1, 0
overbite-89_png.rf.e32d3e1521f5b97aca5a453673b80ab4.jpg, 0, 0, 0, 0, 1, 0
crossbite-38_jpeg.rf.e0b8830bb6e64b3822de0c6cbd97ad52.jpg, 0, 1, 0, 0, 0, 0
overbite-72_jpeg.rf.e1f1b11206cc2c647bdb779c42f9fbca.jpg, 0, 0, 0, 0, 1, 0
crossbite-6_jpeg.rf.e47735f195fdf2667bd43a548cac13f7.jpg, 0, 1, 0, 0, 0, 1
overbite-13_jpeg.rf.e56990e6e6d540df780f30c981e27938.jpg, 0, 0, 0, 0, 1, 0
overbite-89_png.rf.e556f6cb04ca7cd1708cf0fe5a0e64b4.jpg, 0, 0, 0, 0, 1, 0
healthy-45_png.rf.e494d3553a97369af6016ccf4e93a5cb.jpg, 0, 0, 1, 0, 0, 0
overbite-26_png.rf.e86d4e7b4c3908d153e13ac7c8297668.jpg, 0, 0, 0, 0, 1, 0
overbite-39_png.rf.eab5e01cfd18668b18b693898941727e.jpg, 0, 0, 0, 0, 1, 0
healthy-11_png.rf.e5ec33fa1e3431ff1a5246f011270176.jpg, 0, 0, 1, 0, 0, 0
overbite-121_jpeg.rf.eacfb22749437fad163404a9f732337c.jpg, 0, 0, 0, 0, 1, 0
openbite-30_jpeg.rf.e77613a5531f76d98d93cabdd5e1620a.jpg, 0, 0, 0, 1, 0, 0
healthy-51_png.rf.e7e81b10c0ff1e0facdc5228e95e77e8.jpg, 0, 0, 1, 0, 0, 0
crossbite-49_png.rf.ea7c7ffcbbac96e9e865bcc1dadb9d67.jpg, 0, 1, 0, 0, 0, 0
healthy-36_png.rf.e8c96ded6b348f292ec7420fb4f91e9d.jpg, 0, 0, 1, 0, 0, 0
underbite-13_jpeg.rf.eb149e28ef25120851bef81b2b77bd6c.jpg, 0, 0, 0, 0, 0, 1
crossbite-2_jpeg.rf.e3fa048de96e9e240d5612d9d43687d3.jpg, 0, 1, 0, 0, 0, 0
healthy-19_png.rf.eb54382c168c1fa2bba8d7ac91fc3303.jpg, 0, 0, 1, 0, 0, 0
underbite-8_jpeg.rf.ea9dfb6b972f91334f81e745716d6443.jpg, 0, 0, 0, 0, 0, 1
underbite-10_png.rf.e88ac5fa18eb817803b6c595fff773bc.jpg, 0, 1, 0, 0, 0, 1
overbite-74_jpg.rf.e814f6705d1803a40606c2481329d693.jpg, 0, 0, 0, 0, 1, 0
overbite-118_jpeg.rf.eb4089faad1cc395d715bb1f6304ec26.jpg, 0, 0, 0, 0, 1, 0
overbite-43_jpeg.rf.eaa9fc3b21be05bbda6c94bd10ac1453.jpg, 0, 0, 0, 0, 1, 0
healthy-2_jpeg.rf.e9413953871197cc54e15b56102a4f72.jpg, 0, 0, 1, 0, 0, 0
openbite-13_jpeg.rf.ebe015938fee540eb671dfbf073da48c.jpg, 0, 0, 0, 1, 0, 0
underbite-22_png.rf.e77b5a2c05201ca7eb38d31ae4ceb2a8.jpg, 0, 0, 0, 0, 0, 1
overbite-117_png.rf.eb5afd884b6b47624d307d4a74357427.jpg, 0, 0, 0, 0, 1, 0
overbite-9_jpeg.rf.e787234fae747bc244e778e41314893c.jpg, 0, 0, 0, 0, 1, 0
overbite-118_jpeg.rf.ebb5a556de69854a0076f22c8e9da3cc.jpg, 0, 0, 0, 0, 1, 0
healthy-53_png.rf.ec915ac7cb394b8977472a59985e48fa.jpg, 0, 0, 1, 0, 0, 0
overbite-108_jpeg.rf.eb84a3d769a260c541b4a6ced6fc1557.jpg, 0, 0, 0, 0, 1, 0
healthy-18_png.rf.e3665f17ac94ba12a57165d9182fd4a8.jpg, 0, 0, 1, 0, 0, 0
overbite-113_jpeg.rf.eb7e9dd4aa4f896644536415af2e03dd.jpg, 0, 0, 0, 0, 1, 0
overbite-103_png.rf.ec5b54b0a24d789b784eb4a2de1b869a.jpg, 0, 0, 0, 0, 1, 0
overbite-49_jpeg.rf.ebc2e9a0830690c9a1fc957bb705a9a6.jpg, 0, 0, 0, 0, 1, 0
crossbite-22_png.rf.ed8c1192c999a74f3eb6a5ba34c65013.jpg, 0, 1, 0, 0, 0, 0
healthy-1_png.rf.ed56e065705aa9b2705159af5883bb45.jpg, 0, 0, 1, 0, 0, 0
underbite-14_jpeg.rf.f0189fd90ef6096983ef03a30f3ac569.jpg, 0, 0, 0, 0, 0, 1
overbite-34_jpeg.rf.ebaaf530e0b85020a3c5bd3c1219df2e.jpg, 0, 0, 0, 0, 1, 0
healthy-5_jpeg.rf.ed89fa633870467c163b76a407ec6476.jpg, 0, 0, 1, 0, 0, 0
overbite-26_png.rf.f015b7b812d63440b34228dc19e8aece.jpg, 0, 0, 0, 0, 1, 0
overbite-79_png.rf.ef78eef27085805131f03f5a1d9bc843.jpg, 0, 0, 0, 0, 1, 0
openbite-27_jpeg.rf.ed240d42f0b9f090449fd43a3a513cc0.jpg, 0, 1, 0, 1, 0, 0
overbite-670_jpg.rf.f1250bfddc3f98cf685a0a09b399d0bf.jpg, 0, 0, 0, 0, 1, 0
crossbite-67_png.rf.eaa5fdf4ff751cef35535281a4d3f415.jpg, 0, 1, 0, 0, 0, 0
healthy-21_png.rf.ee8e4c8ac603debf4a4d15add2bfd045.jpg, 0, 0, 1, 0, 0, 0
overbite-100_png.rf.ee219800994cb03a0d01862565c11fe4.jpg, 0, 0, 0, 0, 1, 0
openbite-53_jpeg.rf.ef87c10bcc07ce1fa1201e9936154aaf.jpg, 0, 0, 0, 1, 0, 0
overbite-45_jpeg.rf.ec395d92b83f9c538516dedfb75ad31d.jpg, 0, 0, 0, 0, 1, 0
healthy-11_png.rf.f163d8d40809faacc21f94c075730323.jpg, 0, 0, 1, 0, 0, 0
openbite-46_png.rf.f10bca98f519533dfc2799e69fd9e8d2.jpg, 0, 0, 0, 1, 0, 0
openbite-6_png.rf.f279f31e337013346f6c10b3a96b047d.jpg, 0, 0, 0, 1, 0, 0
healthy-7_png.rf.ef2dcffeac4db8904c4e2657cf0367ee.jpg, 0, 0, 1, 0, 0, 0
healthy-16_png.rf.f32f344349999c626328546fb1223a80.jpg, 0, 0, 1, 0, 0, 0
overbite-60_png.rf.f0d68bfc53d58681d764d921f2888b09.jpg, 0, 0, 0, 0, 1, 0
crossbite-30_jpg.rf.ed582782193d10a236495faee1150c7d.jpg, 0, 1, 0, 0, 0, 0
overbite-30_jpg.rf.ef3870842e5fc215411072e4a0c7afab.jpg, 0, 0, 0, 0, 1, 0
crossbite-7_jpeg.rf.f2bf0a586ef0bed7220748942ffdc455.jpg, 0, 1, 0, 0, 0, 0
healthy-61_png.rf.f3ac17fc1a3c4cab3c44405c45ea5256.jpg, 0, 0, 1, 0, 0, 0
overbite-105_jpeg.rf.f505454c18f26adc7859854bf88f9c7b.jpg, 0, 0, 0, 0, 1, 0
healthy-50_png.rf.f41ec2fcf635aa4b766e0b16ea5eaa8d.jpg, 0, 0, 1, 0, 0, 0
openbite-50_png.rf.f39fdd3576448abbb644aaa531d9c60c.jpg, 0, 0, 0, 1, 0, 0
overbite-99_png.rf.f4c4b0bcf2988de4568a07dc4387cebd.jpg, 0, 0, 0, 0, 1, 0
overbite-85_jpeg.rf.f03f74039f0599c79147c4e1925c387b.jpg, 0, 0, 0, 0, 1, 0
openbite-13_jpeg.rf.f334f7ef4f2de093d4508fd023606ebc.jpg, 0, 0, 0, 1, 0, 0
overbite-22_png.rf.f22eb8da83869bba45cc40d81ce66b96.jpg, 0, 0, 0, 0, 1, 0
healthy-44_png.rf.f5a099a301ea02b2c130ae67c174b021.jpg, 0, 0, 1, 0, 0, 0
overbite-14_jpeg.rf.f4a12e04fcb3f40065fac6fe66a43623.jpg, 0, 0, 0, 0, 1, 0
overbite-103_png.rf.f13cdea3f2876c1b340312f16aeb47b1.jpg, 0, 0, 0, 0, 1, 0
crossbite-71_png.rf.f2b820e8fa9db8c64dd701070fe1cb8c.jpg, 0, 1, 0, 0, 0, 0
crossbite-37_jpeg.rf.f54e2c7eedf18b809cb45230c7f681c2.jpg, 0, 1, 0, 0, 0, 0
overbite-102_png.rf.f4e3c26e35e18ceb1575fbd9a795e929.jpg, 0, 0, 0, 0, 1, 0
crossbite-68_png.rf.f515200cb8feb7feccc7e1356137ecdf.jpg, 0, 1, 0, 0, 0, 0
overbite-75_jpeg.rf.ed19250eaf5b35a9e4b613971994101a.jpg, 0, 0, 0, 0, 1, 0
overbite-6_jpeg.rf.f430b871cf4129f5239c369eba4db70e.jpg, 0, 1, 0, 0, 1, 0
overbite-3_jpeg.rf.f7735bd6b52f3ab757f46cdfd2e9c13f.jpg, 0, 0, 0, 0, 1, 0
openbite-46_png.rf.f89e16226b0ffec6b05f36e8e475d9e1.jpg, 0, 0, 0, 1, 0, 0
healthy-63_png.rf.f27dee4354cece021439450e08488c63.jpg, 0, 0, 1, 0, 0, 0
overbite-670_jpg.rf.f8b9c24814add6531edd91dc010683b9.jpg, 0, 0, 0, 0, 1, 0
openbite-23_jpeg.rf.f5e25ab36531d5ddf525be2f16a58af1.jpg, 0, 0, 0, 1, 0, 0
crossbite-3_jpeg.rf.f4f101e0caf224a00f76e1f80787cdc6.jpg, 0, 1, 0, 0, 0, 0
crossbite-27_png.rf.fae67f592820e9bf58f02ce64d456e3d.jpg, 0, 1, 0, 0, 0, 0
crossbite-50_png.rf.f987aa0a1aaa57adc8fa84eb0c9063ee.jpg, 0, 1, 0, 0, 0, 0
crossbite-10_png.rf.f95e095aa5fe066e5e640765261e3e50.jpg, 0, 1, 0, 0, 0, 0
openbite-28_jpeg.rf.f8f73036c6a0914beb670ec7e14d19a9.jpg, 0, 0, 0, 1, 0, 0
overbite-49_jpeg.rf.fa61367cd378fee29d8b9eaf4f4ffa1f.jpg, 0, 0, 0, 0, 1, 0
underbite-6_png.rf.f8f35ed7dd6990b13181e29b2e97a8db.jpg, 0, 0, 0, 0, 0, 1
overbite-53_jpeg.rf.fd5846780b0fb63f5bedb2c4ddb348ad.jpg, 0, 0, 0, 0, 1, 0
healthy-48_png.rf.fc7c5d5a325fb8ee1c789e86f0efb46c.jpg, 0, 0, 1, 0, 0, 0
crossbite-22_png.rf.fb478b691707b795bf5dfb0eb1b88fad.jpg, 0, 1, 0, 0, 0, 0
crossbite-48_jpeg.rf.fa248ee8bd86144b82a352e851e9ddbe.jpg, 0, 1, 0, 0, 0, 0
healthy-13_png.rf.fa35afcabad05340df002374fb33e0c4.jpg, 0, 0, 1, 0, 0, 0
crossbite-33_jpeg.rf.fd1bf36272a04f93e83631d502f0366c.jpg, 0, 1, 0, 0, 0, 0
healthy-5_jpeg.rf.fc2861ef79d315c2103b7eee27392a0e.jpg, 0, 0, 1, 0, 0, 0
overbite-108_jpeg.rf.f67cb1ffe99243f7ac217be3521d0694.jpg, 0, 0, 0, 0, 1, 0
crossbite-3_jpeg.rf.fb03a85909fe3b63b8d648833b1716fa.jpg, 0, 1, 0, 0, 0, 0
healthy-17_png.rf.f887d6439183391e6f42591305550eeb.jpg, 0, 0, 1, 0, 0, 0
overbite-56_jpeg.rf.f5ceee3fbc81b5c0c08f200c8b44ffde.jpg, 0, 0, 0, 0, 1, 0
underbite-19_png.rf.fbb0acfdaf22e04def0cbc7278730bb1.jpg, 0, 1, 0, 0, 0, 1
overbite-11_jpeg.rf.fd302e0efb27322012c086054f8eaf93.jpg, 0, 0, 0, 0, 1, 0
overbite-64_png.rf.fe0895b6a87de90255f9bfd6d3537852.jpg, 0, 0, 0, 0, 1, 0
overbite-36_jpeg.rf.fd507f28a3b3df5f399ef79eee36d280.jpg, 0, 0, 0, 0, 1, 0
openbite-49_png.rf.f70e7bc32feb9d863b81ba2188de2f3b.jpg, 0, 0, 0, 1, 0, 0
crossbite-62_jpg.rf.fe907c976b668f6ad47861a7bba413b5.jpg, 0, 1, 0, 0, 0, 0
underbite-7_jpg.rf.fe9c9e7a7f838e52493476156f092aa2.jpg, 0, 0, 0, 0, 0, 1
overbite-38_png.rf.fe9cc2a41d8390458cd24c9b1ba87543.jpg, 0, 0, 0, 0, 1, 0
openbite-10_png.rf.f7a8eb10f0d26688cb271092cc292cec.jpg, 0, 0, 0, 1, 0, 0
crossbite-11_png.rf.fe0e7ecfabbfbe1f893a1ea3afccc195.jpg, 0, 1, 0, 0, 1, 0
healthy-57_png.rf.fe04efd6a911c13f409c93d8c42fe86b.jpg, 0, 0, 1, 0, 0, 0
overbite-82_jpeg.rf.ff0f0b4aa7fa0edfa3e8044f82495e10.jpg, 0, 0, 0, 0, 1, 0
openbite-59_png.rf.fd91bd6f7f1820b9f4041cef80f0a3b0.jpg, 0, 0, 0, 1, 0, 0
crossbite-55_png.rf.fee0f352e0504293d4fbd170be32391f.jpg, 0, 1, 0, 0, 0, 0
overbite-51_jpeg.rf.f604217d009b33d5d7475b5545e59937.jpg, 0, 0, 0, 0, 1, 0
healthy-60_png.rf.feb86e9d95a019dd7db172779e545560.jpg, 0, 0, 1, 0, 0, 0
healthy-49_png.rf.ff394fb3179ebb779fbfad398ec22514.jpg, 0, 0, 1, 0, 0, 0
openbite-20_png.rf.fe4937c20287cdb9c341dc627fc591e4.jpg, 0, 0, 0, 1, 0, 0
crossbite-31_jpg.rf.ff383f55440153011bed39056d8ec26d.jpg, 0, 1, 0, 0, 0, 0
crossbite-17_jpeg.rf.ff3c22bdc507ff86eda852d5989d591d.jpg, 0, 1, 0, 0, 0, 0
healthy-9_png.rf.82364fed6e69cc0528e6104b712f38ba.jpg, 0, 0, 1, 0, 0, 0
overbite-59_jpg.rf.824c65da8ddba00fd4bf695c024706fc.jpg, 0, 0, 0, 0, 1, 0
healthy-18_png.rf.8266fc2bf847e9e2b423da32147680d1.jpg, 0, 0, 1, 0, 0, 0
crossbite-53_jpeg.rf.82de138ad8d239a1a2a9f8e9b2531fcb.jpg, 0, 1, 0, 0, 0, 0
overbite-90_jpeg.rf.82f76ab8bbccb9ce16546b8da6aa709f.jpg, 0, 0, 0, 0, 1, 0
healthy-55_png.rf.8300937783f02731c4fb70ce172d3a03.jpg, 0, 0, 1, 0, 0, 0
overbite-112_jpeg.rf.83dd52c58966bc29a58617a8ee06bb27.jpg, 0, 0, 0, 0, 1, 0
overbite-63_png.rf.841d3e5821d4e21377ceb30d48e8cc05.jpg, 0, 0, 0, 0, 1, 0
crossbite-12_jpeg.rf.843a074abdf374e93e47483a64c0babb.jpg, 0, 1, 0, 0, 0, 0
crossbite-24_jpg.rf.85fdedbfd10258b4ddbb451e421f1346.jpg, 0, 1, 0, 0, 0, 1
healthy-38_png.rf.833b05173e4a55bab689edd62af9e6fe.jpg, 0, 0, 1, 0, 0, 0
overbite-3_jpeg.rf.856d44d7fdd9f88a0bec0a50e8ea661a.jpg, 0, 0, 0, 0, 1, 0
healthy-58_png.rf.85f2d1a08424705856950ba8dcab6ef2.jpg, 0, 0, 1, 0, 0, 0
healthy-29_png.rf.86b69fc5197e098cafad4c0aa8d680c3.jpg, 0, 0, 1, 0, 0, 0
crossbite-56_png.rf.85b0ea0f68c62d699e695bf1d7955752.jpg, 0, 1, 0, 0, 0, 0
healthy-43_png.rf.85ac98e96066a6a55f26e0b8921f6dda.jpg, 0, 0, 1, 0, 0, 0
healthy-31_png.rf.889c5362f15195d580589d7fffadb503.jpg, 0, 0, 1, 0, 0, 0
openbite-13_jpeg.rf.8929c4e8e2afbd5833a4efa79e98f2e0.jpg, 0, 0, 0, 1, 0, 0
healthy-49_png.rf.8705485485097b7767b800a1651d4764.jpg, 0, 0, 1, 0, 0, 0
openbite-50_png.rf.86d5708e681014c9a978c5ea3461220f.jpg, 0, 0, 0, 1, 0, 0
overbite-91_jpeg.rf.878ac72d2dea52fba9789f06f6541e66.jpg, 0, 0, 0, 0, 1, 0
openbite-14_jpeg.rf.8a18bfa55e7e3f9bd64541f48d7011fd.jpg, 0, 0, 0, 1, 0, 0
overbite-36_jpeg.rf.8936b9978754e9cbcc40218772f4c310.jpg, 0, 0, 0, 0, 1, 0
overbite-37_png.rf.8a118fd51d7acf576a2a223f755e2bcb.jpg, 0, 0, 0, 0, 1, 0
overbite-51_jpeg.rf.88e250420a7102218ff1c88727a25b8d.jpg, 0, 0, 0, 0, 1, 0
healthy-32_png.rf.8ad130b8880c1dc4efe89731a2b86ca2.jpg, 0, 0, 1, 0, 0, 0
crossbite-40_jpg.rf.8b6d67194fc18a700b2f76c7c8154769.jpg, 0, 0, 0, 0, 1, 0
openbite-3_jpeg.rf.8cd240d4201fbedc2497967f94997155.jpg, 0, 0, 0, 1, 0, 0
openbite-2_jpeg.rf.8bfcfbc36c8032862e9cde3e88ac14a4.jpg, 0, 0, 0, 1, 0, 0
crossbite-9_jpeg.rf.8b6996c8bda4e4ebb55eb877407806d4.jpg, 0, 0, 0, 0, 0, 1
overbite-24_jpeg.rf.8f9c27aa8c8af623b7c40a8c97b08c2c.jpg, 0, 0, 0, 0, 1, 0
crossbite-21_png.rf.8e88383c85a0e38aa326eaacc4c605f2.jpg, 0, 1, 0, 0, 0, 0
crossbite-11_png.rf.8e3e399a559b4730dfe33e338f995a3c.jpg, 0, 1, 0, 0, 1, 0
openbite-5_jpeg.rf.8fcb216c6a7d8fa23d83823f2491c4d6.jpg, 0, 0, 0, 1, 0, 0
crossbite-58_jpeg.rf.907a1fbf78e36fbc10d00877dbcb67bc.jpg, 0, 1, 0, 0, 0, 1
openbite-26_jpeg.rf.8c431d2ca0109e2bdc8ca2d3005fce4a.jpg, 0, 0, 0, 1, 0, 0
openbite-56_png.rf.8f195564d1a48c8b514b84467ade8765.jpg, 0, 0, 0, 1, 0, 0
crossbite-21_png.rf.918777c5ade124db8f88ebe345e7244f.jpg, 0, 1, 0, 0, 0, 0
healthy-35_png.rf.8dc9275d9bffa689da2176ce5b9a53a6.jpg, 0, 0, 1, 0, 0, 0
crossbite-45_jpeg.rf.8a9b00e24d5ac0e99388b1e5c2bc19f6.jpg, 0, 0, 0, 0, 1, 0
crossbite-24_jpg.rf.8c32e4c8da2ff10084287d1a71da7d88.jpg, 0, 1, 0, 0, 0, 1
crossbite-59_jpeg.rf.921874743467fbae389e4ce7ea65ce94.jpg, 0, 1, 0, 0, 0, 0
openbite-42_jpeg.rf.92eac8f36f41894ae3971473b1a0a3d6.jpg, 0, 0, 0, 1, 0, 0
openbite-39_jpeg.rf.92fa879367f5ddf070f9a181decff0b0.jpg, 0, 0, 0, 1, 0, 0
overbite-68_jpeg.rf.8e0fd5b70da4a8de54491db6437be8da.jpg, 0, 0, 0, 0, 1, 0
overbite-14_jpeg.rf.8d316f9b9de469647654d990e6f7592d.jpg, 0, 0, 0, 0, 1, 0
openbite-9_png.rf.938b659b3ba5718a818f74d9c26d8405.jpg, 0, 0, 0, 1, 0, 0
overbite-14_jpeg.rf.9313f8ea372af0c9fc8cc67b4a6a7e21.jpg, 0, 0, 0, 0, 1, 0
overbite-24_jpeg.rf.91c69d3f7038afd07b0c429a70b43ad4.jpg, 0, 0, 0, 0, 1, 0
healthy-4_jpeg.rf.92105f29c7b5acc072a6403afd0211d3.jpg, 0, 0, 1, 0, 0, 0
healthy-27_png.rf.947021fa1b23aad6103100dd38fdf4e3.jpg, 0, 0, 1, 0, 0, 0
overbite-5_png.rf.8f2f9ea8cba1b80ac8c077f3b47625bb.jpg, 0, 0, 0, 0, 1, 0
overbite-87_jpeg.rf.8f564eb84eaaa355d71937f506e9ecf5.jpg, 0, 0, 0, 0, 1, 0
overbite-62_png.rf.94270dd1df3dd91ca389f3a7a49d6d83.jpg, 0, 0, 0, 0, 1, 0
underbite-21_jpeg.rf.957cd1fc37a02bdd1affc790bf3a6c78.jpg, 0, 1, 0, 0, 0, 0
overbite-12_jpeg.rf.92864b3d165c95cc5f3ca21725e8a872.jpg, 0, 0, 0, 0, 1, 0
healthy-30_png.rf.953fe20a9c6c71cc37334446bfb4c6ea.jpg, 0, 0, 1, 0, 0, 0
overbite-80_png.rf.960b092e82514a33f982fbb343237c43.jpg, 0, 0, 0, 0, 1, 0
healthy-46_png.rf.9095a1aa31b523e7cabe3a8ddf8e3a24.jpg, 0, 0, 1, 0, 0, 0
openbite-25_jpeg.rf.9693b5b2d89f4f1b9156c2b99778da86.jpg, 0, 0, 0, 1, 0, 0
overbite-45_jpeg.rf.9404eb9e8d4882e7455b295bf073bb5b.jpg, 0, 0, 0, 0, 1, 0
overbite-12_jpeg.rf.9542bc35ee4fdb521c6bdbed16a4dd5b.jpg, 0, 0, 0, 0, 1, 0
crossbite-2_jpeg.rf.963d87de21b396793fa483af1110dd9b.jpg, 0, 1, 0, 0, 0, 0
crossbite-53_jpeg.rf.93d2071a39d42ee556a6c272f954797f.jpg, 0, 1, 0, 0, 0, 0
overbite-113_jpeg.rf.97f3ecb243db8f8ac606cd922fe705ef.jpg, 0, 0, 0, 0, 1, 0
openbite-29_jpeg.rf.977bda975a091582f996a02979cc4236.jpg, 0, 0, 0, 1, 0, 0
overbite-28_png.rf.978174b6846d29bc3167f3a7a740cc67.jpg, 0, 0, 0, 0, 1, 0
openbite-16_jpeg.rf.9915b9a2e590c5b5fc7d4100370a63e4.jpg, 0, 0, 0, 1, 0, 0
overbite-16_jpeg.rf.9946178431c8639ef2238a7cc02cb4aa.jpg, 0, 0, 0, 0, 1, 0
crossbite-59_jpeg.rf.99f82ca3fb741502d3f1c40d05003d0b.jpg, 0, 1, 0, 0, 0, 0
healthy-40_png.rf.9924b0f7ca26e92da793ecf89b5b8113.jpg, 0, 0, 1, 0, 0, 0
overbite-111_jpeg.rf.966805ce1e4e67c4279bc26cac7fa71e.jpg, 0, 0, 0, 0, 1, 0
overbite-15_jpeg.rf.9b28c9f4a1efaf2847e4a8a293e638bc.jpg, 0, 0, 0, 0, 1, 0
crossbite-61_jpeg.rf.9a3cca50ab717f115ee2558c51a7168e.jpg, 0, 0, 0, 0, 1, 0
openbite-46_png.rf.978ddbd1b1708f2a860fedae8a85086b.jpg, 0, 0, 0, 1, 0, 0
openbite-59_png.rf.9acdb6d2226f9fc87d01fdcd7f7c0667.jpg, 0, 0, 0, 1, 0, 0
overbite-77_jpeg.rf.9d0c8a8a7fa2bb8067670a9dfff45b15.jpg, 0, 0, 0, 0, 1, 0
healthy-20_png.rf.9bc810b4439bcd911e8cfa21d5de9478.jpg, 0, 0, 1, 0, 0, 0
crossbite-13_png.rf.9bf1331a488085ecb8a103e3ea205b8b.jpg, 0, 1, 0, 1, 0, 0
healthy-4_jpeg.rf.99a393c7acf245940fbbc4058b5f5b9d.jpg, 0, 0, 1, 0, 0, 0
overbite-10_jpeg.rf.9e84c513304ec48424e988d7ab11b8ba.jpg, 0, 0, 0, 0, 1, 0
overbite-104_png.rf.9ea144249688224775c5b327ecb59fe1.jpg, 0, 0, 0, 0, 1, 0
healthy-44_png.rf.9e08d02b794d46ff80a531bc5d2f896f.jpg, 0, 0, 1, 0, 0, 0
healthy-33_png.rf.9b8ee6e316aee1cf8aedc4b02d89abdb.jpg, 0, 0, 1, 0, 0, 0
crossbite-16_jpeg.rf.9ba409f834c6afdc7d241c59cdc43ba1.jpg, 0, 1, 0, 0, 0, 0
crossbite-64_jpg.rf.9b6e28bb4b1c2b5fdcf1a58750c423a8.jpg, 0, 1, 0, 0, 0, 0
overbite-10_jpeg.rf.9ee80f03621292e9314d9fac8b0486c9.jpg, 0, 0, 0, 0, 1, 0
overbite-106_jpeg.rf.959ff757cf198477700fc548010532d6.jpg, 0, 0, 0, 0, 1, 0
openbite-57_png.rf.9ef7727d9686c4808ca2f0548f24a953.jpg, 0, 0, 0, 1, 0, 0
openbite-22_jpg.rf.9c53a90a8213204e842068437ecd9e31.jpg, 0, 0, 0, 1, 0, 0
overbite-114_png.rf.9a7957b4751d24f6152e8736f83f9a43.jpg, 0, 0, 0, 0, 1, 0
overbite-95_png.rf.9f3148bc38a5596a5c3e9d398fb638b4.jpg, 0, 0, 0, 0, 1, 0
overbite-47_jpeg.rf.9fe64c207aa05501e79580d4cec2d012.jpg, 0, 0, 0, 0, 1, 0
healthy-50_png.rf.a1d072e65ee3496589b80fc7babcfc0b.jpg, 0, 0, 1, 0, 0, 0
overbite-42_jpeg.rf.a3755dbd4d52d3087c799c13e5a8d4cb.jpg, 0, 0, 0, 0, 1, 0
underbite-18_png.rf.a2155067c123f72fe30c2001ce84240f.jpg, 0, 0, 0, 0, 0, 1
openbite-56_png.rf.a06c07bae93e0360f1ea528b60913d9a.jpg, 0, 0, 0, 1, 0, 0
openbite-33_jpeg.rf.a2648319a6d54241d6f281235276b6fa.jpg, 0, 0, 0, 1, 0, 0
crossbite-57_jpeg.rf.a17c245c7d6af90760763541d3f27345.jpg, 0, 1, 0, 0, 0, 0
overbite-44_jpeg.rf.a12eb20e8cd953374ae44e9e41d49938.jpg, 0, 0, 0, 0, 1, 0
healthy-62_png.rf.9ff34b8aa4ae8561c006825658706679.jpg, 0, 0, 1, 0, 0, 0
crossbite-37_jpeg.rf.a27a2e9e81cfc4110fe961c2c54f1a52.jpg, 0, 1, 0, 0, 0, 0
crossbite-43_jpeg.rf.a4f922ece825005fa5f47a091f694dbf.jpg, 0, 1, 0, 0, 0, 0
underbite-7_jpg.rf.a3b1846d4882a4b0f55057c5c5dc4ce6.jpg, 0, 0, 0, 0, 0, 1
openbite-19_jpeg.rf.a594613fd8639c25367917d102e40264.jpg, 0, 0, 0, 1, 0, 0
overbite-33_jpeg.rf.a24be561c9e58d7e416086001237c121.jpg, 0, 0, 0, 0, 1, 0
crossbite-50_png.rf.a1110221681856279f5d87cb5c2c5de9.jpg, 0, 1, 0, 0, 0, 0
healthy-15_png.rf.a08d93f5be0d5360bc7d42e7e385781e.jpg, 0, 0, 1, 0, 0, 0
openbite-34_jpeg.rf.a08da68e267d1dd081f488e8500dc81f.jpg, 0, 0, 0, 1, 0, 0
overbite-54_png.rf.a4fb9314a2ff130a2675205a57148821.jpg, 0, 0, 0, 0, 1, 0
openbite-27_jpeg.rf.a46a28faaa0954868c367c31f9fa1681.jpg, 0, 1, 0, 1, 0, 0
overbite-44_jpeg.rf.a1462f9550877b48d50677c3b46ac2ee.jpg, 0, 0, 0, 0, 1, 0
overbite-81_jpeg.rf.a616baafa6b826a062bd14eadffb7ba9.jpg, 0, 0, 0, 0, 1, 0
overbite-59_jpg.rf.a14a91de8770aa4b7ef8cd3807fd0210.jpg, 0, 0, 0, 0, 1, 0
overbite-101_png.rf.a2894f2b35991e71eb97d753d8486d30.jpg, 0, 0, 0, 0, 1, 0
crossbite-25_jpg.rf.a6b82031892004855c89467c200be43e.jpg, 0, 1, 0, 0, 0, 0
overbite-89_png.rf.a0d446f9f40a1c36e02209be4d0b0b60.jpg, 0, 0, 0, 0, 1, 0
overbite-42_jpeg.rf.a07cc878cf56e8b5d7033c9a55a044c3.jpg, 0, 0, 0, 0, 1, 0
healthy-16_png.rf.a5c04477b28695424d17a35d67c845b2.jpg, 0, 0, 1, 0, 0, 0
overbite-83_jpeg.rf.a651a2600fdcc4e10611d9e10587d96c.jpg, 0, 0, 0, 0, 1, 0
healthy-43_png.rf.a44f5594cca09fdadfcd9d9e36a58332.jpg, 0, 0, 1, 0, 0, 0
overbite-62_png.rf.a882b56daad99f65f6d1b6df4cb5ccf6.jpg, 0, 0, 0, 0, 1, 0
overbite-97_png.rf.a60a9884b605adaf84e109c444cc81c9.jpg, 0, 0, 0, 0, 1, 0
overbite-25_png.rf.a8ed41864dcbf533115fbb0fe63de30c.jpg, 0, 1, 0, 0, 1, 0
crossbite-44_jpeg.rf.a8f827f24a87bf11a31f4e0b4eaae611.jpg, 0, 1, 0, 0, 0, 0
overbite-44_jpeg.rf.a8dde175d48131fd09b1773666d7778b.jpg, 0, 0, 0, 0, 1, 0
crossbite-65_jpeg.rf.a7d25122b04b2e96ae131ada8993aba3.jpg, 0, 1, 0, 0, 0, 0
overbite-96_png.rf.a7ad56bf1577fe3c060a4e401af2623d.jpg, 0, 0, 0, 0, 1, 0
crossbite-3_jpeg.rf.a5dfd506a1a874a82a5a0229c411ceb4.jpg, 0, 1, 0, 0, 0, 0
openbite-38_jpeg.rf.aa83cd7a8eaf65e8dbe16c41d949cfae.jpg, 0, 0, 0, 1, 0, 0
openbite-21_jpg.rf.a9c6e157cd0bed4e0e85bcda20af8735.jpg, 0, 0, 0, 1, 0, 0
openbite-25_jpeg.rf.a6173a9f692c23789d5e4fe6c7d8b449.jpg, 0, 0, 0, 1, 0, 0
healthy-17_png.rf.aa83a62b4845e65e33b51c381482ce94.jpg, 0, 0, 1, 0, 0, 0
overbite-34_jpeg.rf.a9610a4def8f00af518ff6afb6078a5a.jpg, 0, 0, 0, 0, 1, 0
openbite-25_jpeg.rf.ab6b05c9bbffd9ddcb9a9b1089658f0b.jpg, 0, 0, 0, 1, 0, 0
openbite-54_jpeg.rf.abcd677ee1aaa31d08cb2275c1677304.jpg, 0, 1, 0, 1, 0, 0
healthy-14_png.rf.ada49f583bcaa60ad673c0e6d35f004a.jpg, 0, 0, 1, 0, 0, 0
overbite-94_jpeg.rf.acf571290bebe24689280c95dbf71926.jpg, 0, 0, 0, 0, 1, 0
crossbite-68_png.rf.a8fbe3317454e38bfd9f01423e561437.jpg, 0, 1, 0, 0, 0, 0
openbite-51_jpg.rf.ac8430b512412849fd2f7cffa40e47e2.jpg, 0, 0, 0, 1, 0, 0
underbite-4_png.rf.aeba2d1f6c3785e675729f794091edad.jpg, 0, 1, 0, 0, 0, 0
crossbite-27_png.rf.ae0f05668abbb86d74c0577fb630e41e.jpg, 0, 1, 0, 0, 0, 0
healthy-52_png.rf.aac8f1782f6f8822d37b62f56a8bdfa3.jpg, 0, 0, 1, 0, 0, 0
underbite-12_png.rf.ac93b9c9e6936168e6ee8f5f23f84002.jpg, 0, 0, 0, 0, 0, 1
overbite-19_png.rf.ada5fe4b6938c89355490ac492ec2584.jpg, 0, 0, 0, 0, 1, 0
crossbite-5_jpeg.rf.ab7b01a59bae4035412763841f6120e3.jpg, 0, 1, 0, 0, 0, 0
overbite-21_jpeg.rf.aed9559e33ee681a0d1217a5cc5f1499.jpg, 0, 0, 0, 0, 1, 0
openbite-37_png.rf.aab3f2762595a37c9e2769529f68300e.jpg, 0, 0, 0, 1, 0, 0
crossbite-57_jpeg.rf.ae90b3cd56a56d8d2e9b7a488bef533b.jpg, 0, 1, 0, 0, 0, 0
overbite-104_png.rf.ab0a607fccb84182d0ebdb8dc24b5056.jpg, 0, 0, 0, 0, 1, 0
overbite-53_jpeg.rf.aea067c8f7738ce03c2d881fbbd6ea83.jpg, 0, 0, 0, 0, 1, 0
overbite-65_jpeg.rf.accf52489665305d0b8ca960d398cd9d.jpg, 0, 0, 0, 0, 1, 0
overbite-99_png.rf.af6f3ef8181bd24d9a208a82fdb9571f.jpg, 0, 0, 0, 0, 1, 0
openbite-19_jpeg.rf.aff86923f524438e4f9ce25ef59a7905.jpg, 0, 0, 0, 1, 0, 0
overbite-43_jpeg.rf.b04b228138af97c2b7536a4a35bd966a.jpg, 0, 0, 0, 0, 1, 0
openbite-14_jpeg.rf.ac896e384436f8157aedadd09833b84a.jpg, 0, 0, 0, 1, 0, 0
crossbite-47_jpeg.rf.af959729418a9ba81138c844dd1e5c6e.jpg, 0, 1, 0, 0, 0, 0
underbite-18_png.rf.b1f9e0f8fd1c7eaa2a93c1223b954f3d.jpg, 0, 0, 0, 0, 0, 1
underbite-7_jpg.rf.afb1007e5f501fde2dd47612fc3badf0.jpg, 0, 0, 0, 0, 0, 1
overbite-39_png.rf.b1dfc26789e8332a4c2889dac99b19a8.jpg, 0, 0, 0, 0, 1, 0
crossbite-39_jpg.rf.ab9167b3aa06990d236baebb9f8d720d.jpg, 0, 1, 0, 0, 0, 0
healthy-38_png.rf.af1850fcde1241d0492290aced5f361e.jpg, 0, 0, 1, 0, 0, 0
openbite-10_png.rf.b1b945f440db105bcc292fb57902e263.jpg, 0, 0, 0, 1, 0, 0
overbite-116_png.rf.b19555cad03e11e64a187dca24cc753a.jpg, 0, 0, 0, 0, 1, 0
openbite-35_png.rf.b36c93c03f3ef7fa909664f0d8e52784.jpg, 0, 0, 0, 1, 1, 0
crossbite-51_jpeg.rf.b6ced0ad96c3dc83190998691adb187a.jpg, 0, 1, 0, 0, 0, 0
crossbite-56_png.rf.b50dacf580451029f9486f3812221b15.jpg, 0, 1, 0, 0, 0, 0
openbite-20_png.rf.b76525902a32deb5a6453c378762b320.jpg, 0, 0, 0, 1, 0, 0
healthy-19_png.rf.b5c81ccc6668269a08213e5c22f306e6.jpg, 0, 0, 1, 0, 0, 0
crossbite-6_jpeg.rf.b38c3b0e6c4bcbeee25b3f5db5546d8f.jpg, 0, 1, 0, 0, 0, 1
crossbite-2_jpeg.rf.b31865d26334c7e64c41e8a808457c24.jpg, 0, 1, 0, 0, 0, 0
overbite-121_jpeg.rf.b80964b8ec913fe911e22e9f42af73dd.jpg, 0, 0, 0, 0, 1, 0
crossbite-52_jpeg.rf.b544939cfc2409d12682ca0013a9585d.jpg, 0, 1, 0, 0, 0, 0
healthy-37_png.rf.b59b04b703a30640cd4c5c2bf9cc5d5c.jpg, 0, 0, 1, 0, 0, 0
healthy-59_png.rf.b5f672c865e296f0518b77e33e7b60a4.jpg, 0, 0, 1, 0, 0, 0
crossbite-52_jpeg.rf.b342fc99c54b27774bc34fc8739479b2.jpg, 0, 1, 0, 0, 0, 0
overbite-123_png.rf.b854093c5f521aaa80c3ecd0351c6007.jpg, 0, 0, 0, 0, 1, 0
underbite-8_jpeg.rf.b4aed13a6fd027527f55006a8078c72a.jpg, 0, 0, 0, 0, 0, 1
overbite-38_png.rf.b72418d6d099b1625ad294f5aae8e5cf.jpg, 0, 0, 0, 0, 1, 0
crossbite-14_jpeg.rf.b61716c6f74592e1c6bef532774ede3c.jpg, 0, 1, 0, 0, 0, 0
crossbite-64_jpg.rf.ba77a714e766210b5e1bf563fa93531a.jpg, 0, 1, 0, 0, 0, 0
openbite-7_jpg.rf.b7ef19f317a711d6838b9889ad39bb29.jpg, 0, 0, 0, 1, 0, 0
overbite-22_png.rf.b34baa75e5db64f0f9910bdd8ae91086.jpg, 0, 0, 0, 0, 1, 0
underbite-17_jpeg.rf.baf4437fc710100b0fa23c4c33e88854.jpg, 0, 0, 0, 0, 0, 1
crossbite-24_jpg.rf.b7f7d3813ce0d85fdc60b964dc161a72.jpg, 0, 1, 0, 0, 0, 1
crossbite-68_png.rf.ba17704d9aefe591d7fa916634058619.jpg, 0, 1, 0, 0, 0, 0
healthy-34_png.rf.b8e8cb2a9aaefc6905b4ed8c11b25d9f.jpg, 0, 0, 1, 0, 0, 0
healthy-28_png.rf.bae17418e4d67de5eaba06167a6dc6de.jpg, 0, 0, 1, 0, 0, 0
healthy-38_png.rf.b9e96084fd86ad2701a21e369b847765.jpg, 0, 0, 1, 0, 0, 0
overbite-72_jpeg.rf.bafe9a4720792996b99468bee6e91402.jpg, 0, 0, 0, 0, 1, 0
openbite-44_png.rf.b9dd139965425760f932732271b7bbfb.jpg, 0, 0, 0, 1, 0, 0
overbite-28_png.rf.bb2ee308ecd58042f23219d63ab80fd0.jpg, 0, 0, 0, 0, 1, 0
underbite-20_png.rf.bb73c6618307da41dba7b55eb339f75d.jpg, 0, 1, 0, 0, 0, 0
overbite-119_jpeg.rf.bc803a8df0ddd33a84d75511bd6369e5.jpg, 0, 0, 0, 0, 1, 0
crossbite-34_jpeg.rf.bc2a804146639bf1ae3fcc55ef36c296.jpg, 0, 1, 0, 0, 0, 1
openbite-29_jpeg.rf.b96f2c32edd55a3e8e8c68c10fd74556.jpg, 0, 0, 0, 1, 0, 0
overbite-25_png.rf.ba810f0766686702b5bac1e2dc913325.jpg, 0, 1, 0, 0, 1, 0
overbite-12_jpeg.rf.bdfff0ea1e9dc8d4349b1884f18e0480.jpg, 0, 0, 0, 0, 1, 0
overbite-100_png.rf.bffdaf8ce833258080127cd9d584e859.jpg, 0, 0, 0, 0, 1, 0
underbite-9_jpg.rf.bdeeb2b640b66827fe701a8c036d2b0e.jpg, 0, 0, 0, 0, 0, 1
crossbite-60_jpeg.rf.c0316db3c8ed90ab2f8debbc61dab356.jpg, 0, 1, 0, 0, 0, 0
overbite-117_png.rf.b87afcda068bac1748f8c5e5283c9877.jpg, 0, 0, 0, 0, 1, 0
openbite-40_jpeg.rf.bccd10d3819ff681c6db380b0525bf0f.jpg, 0, 0, 0, 1, 0, 0
healthy-23_jpeg.rf.bf9b58087b0214a68171c1c29eeadf31.jpg, 0, 0, 1, 0, 0, 0
crossbite-59_jpeg.rf.bff23e4a177325ee13f8c8a971805096.jpg, 0, 1, 0, 0, 0, 0
underbite-4_png.rf.bea8983dd186000feab179196fb31216.jpg, 0, 1, 0, 0, 0, 0
overbite-116_png.rf.bf94a852fbeafbbdcdf6d34b94e37989.jpg, 0, 0, 0, 0, 1, 0
overbite-13_jpeg.rf.c12f7d71e8a2c815bfe93847988d8d30.jpg, 0, 0, 0, 0, 1, 0
healthy-35_png.rf.c071d6dd801109d0771a46c6478e43dd.jpg, 0, 0, 1, 0, 0, 0
healthy-52_png.rf.c1a055bdc74203e53b3c86f052dc11f6.jpg, 0, 0, 1, 0, 0, 0
openbite-60_png.rf.c0fb98e6b2fdf26f16f3c4ffe76d31b9.jpg, 0, 0, 0, 1, 0, 0
healthy-3_jpeg.rf.c20a20ef3823ac263f68ed0612bae6b9.jpg, 0, 0, 1, 0, 0, 0
overbite-48_jpeg.rf.c0b3cb3a43f4a71c247be59315b7ab00.jpg, 0, 0, 0, 0, 1, 0
overbite-122_png.rf.c19c07bbb13ee33950132b1cc02d6418.jpg, 0, 0, 0, 0, 1, 0
overbite-115_png.rf.c17d5cd568ff6dd90480e2d33a4c5a69.jpg, 0, 0, 0, 0, 1, 0
crossbite-39_jpg.rf.b7d206432a8c88f23a29686aaf5a2d85.jpg, 0, 1, 0, 0, 0, 0
openbite-34_jpeg.rf.c1aa15352433bec28303e1eb185c5c1f.jpg, 0, 0, 0, 1, 0, 0
openbite-22_jpg.rf.c26bee01335eba18e15257a710d20792.jpg, 0, 0, 0, 1, 0, 0
overbite-75_jpeg.rf.c38cedff8a984bc322c6388ea76d8f20.jpg, 0, 0, 0, 0, 1, 0
crossbite-53_jpeg.rf.c3f24e593e0e2f1d3322c1619f38ac38.jpg, 0, 1, 0, 0, 0, 0
openbite-23_jpeg.rf.c277268691c6e4d7b48a2503eb4f7e57.jpg, 0, 0, 0, 1, 0, 0
openbite-40_jpeg.rf.c564dc9b5944085ae4f95fc2b459404f.jpg, 0, 0, 0, 1, 0, 0
overbite-100_png.rf.c43fb8e151227e9a5cd147116e3290cb.jpg, 0, 0, 0, 0, 1, 0
overbite-120_jpeg.rf.c3258efa07af0995c827dd93eca09169.jpg, 0, 0, 0, 0, 1, 0
healthy-6_jpeg.rf.c0f97f1856eb9cc845bae01408ad094d.jpg, 0, 0, 1, 0, 0, 0
healthy-34_png.rf.c4a262cb1dde086f6b970bdaf21a87e0.jpg, 0, 0, 1, 0, 0, 0
openbite-37_png.rf.c6396e762aefb126525c30da1227ae40.jpg, 0, 0, 0, 1, 0, 0
healthy-2_jpeg.rf.c6af7c3ddf578922aa27fa45d79878b2.jpg, 0, 0, 1, 0, 0, 0
openbite-50_png.rf.c5fc62ab07395d8a4725bcf26cdfe5c4.jpg, 0, 0, 0, 1, 0, 0
openbite-6_png.rf.c582c39ebf71014df1c525dc848b8e5b.jpg, 0, 0, 0, 1, 0, 0
overbite-92_jpeg.rf.c813374bb9989c177c1c52a5e0f568b0.jpg, 0, 0, 0, 1, 0, 0
healthy-34_png.rf.c839df6107d03680270a1b7f380c5233.jpg, 0, 0, 1, 0, 0, 0
openbite-36_png.rf.c1ba1ef09d9fccab4f4c50152942c758.jpg, 0, 0, 0, 1, 0, 0
healthy-59_png.rf.c6cf2b4ef09ba45a904fc5e0c14c0a71.jpg, 0, 0, 1, 0, 0, 0
openbite-30_jpeg.rf.c6eab8d02156233816790e393cee7d12.jpg, 0, 0, 0, 1, 0, 0
openbite-48_png.rf.c99db890deadbf100fa14dcc5dbc1bb0.jpg, 0, 0, 0, 1, 0, 0
openbite-21_jpg.rf.c66bdae704d6b2830ac4d0db819c74be.jpg, 0, 0, 0, 1, 0, 0
overbite-46_jpeg.rf.c8d264f9e223164de8ceb925951e3cc5.jpg, 0, 0, 0, 0, 1, 0
openbite-56_png.rf.ca59b053d9a0560c2a14b05d46b6fb5f.jpg, 0, 0, 0, 1, 0, 0
openbite-48_png.rf.c76765c05d9a45beea32d453256dc3fb.jpg, 0, 0, 0, 1, 0, 0
overbite-66_jpeg.rf.c45775967d360a762ee95c1e1936fd1f.jpg, 0, 0, 0, 0, 1, 0
overbite-48_jpeg.rf.c2eeba1dbf7e067c1881dd700ebe5ae2.jpg, 0, 0, 0, 0, 1, 0
openbite-6_png.rf.c8e1b3f12d773504c42ec3f598dbb918.jpg, 0, 0, 0, 1, 0, 0
overbite-102_png.rf.ca38b03495059ac11b5359d7086db394.jpg, 0, 0, 0, 0, 1, 0
crossbite-4_jpeg.rf.cb4084e1b14a6ba2ec4b3e48fab7b00b.jpg, 0, 1, 0, 0, 0, 0
openbite-17_jpeg.rf.cab45f5fa2807ecbff1f91d319f11af5.jpg, 0, 0, 0, 1, 0, 0
overbite-92_jpeg.rf.ca4da3e5168b6bb69701ae3045b9e94f.jpg, 0, 0, 0, 1, 0, 0
overbite-84_jpeg.rf.cab7d1b272c9475dc24e1a7a226e8b39.jpg, 0, 0, 0, 0, 1, 0
crossbite-71_png.rf.ca54eba3c89df1d7f3847ff57101ad2c.jpg, 0, 1, 0, 0, 0, 0
overbite-58_jpeg.rf.c85a42f20e9c71666226d9bdeffada7d.jpg, 0, 0, 0, 0, 1, 0
openbite-35_png.rf.401c9d8bf8acae820d49fbf92f436063.jpg, 0, 0, 0, 1, 1, 0
healthy-63_png.rf.40c280a29dfcaf4fbc07fa07233c1518.jpg, 0, 0, 1, 0, 0, 0
overbite-55_png.rf.40fa6a9a8142b883b1c876d0327d2dc9.jpg, 0, 0, 0, 0, 1, 0
overbite-112_jpeg.rf.410e14664d13551ea72b9bceae112355.jpg, 0, 0, 0, 0, 1, 0
healthy-18_png.rf.4177d9d256f717db2fc7e62535ac87d1.jpg, 0, 0, 1, 0, 0, 0
overbite-103_png.rf.41f94c88bfc10c6285163bb23563ac4c.jpg, 0, 0, 0, 0, 1, 0
overbite-68_jpeg.rf.428b902912e00f4d5ed5475aaec291cd.jpg, 0, 0, 0, 0, 1, 0
overbite-63_png.rf.429c3a230e7433d138accbd5396ae80e.jpg, 0, 0, 0, 0, 1, 0
overbite-98_jpeg.rf.41b2fc0e38c25d5143c5fe70d1e16690.jpg, 0, 0, 0, 0, 1, 0
crossbite-12_jpeg.rf.4436dbee10ba85211842d9d99b800165.jpg, 0, 1, 0, 0, 0, 0
overbite-80_png.rf.42536ad3732d31c5169ac463f4d81f50.jpg, 0, 0, 0, 0, 1, 0
overbite-40_png.rf.4511c2cd0b8536e07ff086f9ea77ff69.jpg, 0, 0, 0, 0, 1, 0
healthy-8_png.rf.454a01c86f98c6785117af36ab0ffd7c.jpg, 0, 0, 1, 0, 0, 0
openbite-58_png.rf.4585579a3c2b3a3ea94b94a96bba9d53.jpg, 0, 0, 0, 1, 0, 0
overbite-29_jpg.rf.4162bf4dca52df2527d83dc2a21a3100.jpg, 0, 0, 0, 0, 1, 0
overbite-21_jpeg.rf.42bfdb2cb3cfd02bb4b05ca129342e68.jpg, 0, 0, 0, 0, 1, 0
openbite-4_jpeg.rf.460165f6f55875a21bc1aba27ed21b71.jpg, 0, 0, 0, 1, 0, 0
crossbite-69_png.rf.461a1abe9ab446affe896894dd73ea6d.jpg, 0, 1, 0, 0, 0, 0
overbite-79_png.rf.4643285e3aa54c021f119fa88accb218.jpg, 0, 0, 0, 0, 1, 0
underbite-8_jpeg.rf.459392de1420939155eaca4c75914fb3.jpg, 0, 0, 0, 0, 0, 1
underbite-1_jpeg.rf.473254b26c1b5114a9dffe0b99804aa5.jpg, 0, 0, 0, 0, 0, 1
healthy-51_png.rf.45b3563262f7b75325fdfe2ca4a8ea69.jpg, 0, 0, 1, 0, 0, 0
openbite-1_jpeg.rf.47227d8676f4f1eb90e58d033f3b23d8.jpg, 0, 0, 0, 1, 0, 0
overbite-98_jpeg.rf.47972fe0343c67375adf5f6b6fddad4f.jpg, 0, 0, 0, 0, 1, 0
overbite-6_jpeg.rf.482510bc7d8b197994cdfd58cbb63cf0.jpg, 0, 1, 0, 0, 1, 0
crossbite-47_jpeg.rf.4739d7b487f3b7312cf9f4d1b38d7a8b.jpg, 0, 1, 0, 0, 0, 0
openbite-24_jpeg.rf.481df56fd617f26624d9f68bdb943ac9.jpg, 0, 0, 0, 1, 0, 0
overbite-19_png.rf.490d715eb27d0534cbb6ab30bc23bf41.jpg, 0, 0, 0, 0, 1, 0
crossbite-40_jpg.rf.4cbd3f11d042210c073e8a0153d36028.jpg, 0, 0, 0, 0, 1, 0
overbite-78_png.rf.4843b84682f794e707d397f85161ce39.jpg, 0, 0, 0, 0, 1, 0
healthy-13_png.rf.4c972403fe35e33faf65c3d54cd2bd08.jpg, 0, 0, 1, 0, 0, 0
overbite-39_png.rf.4d0ecb16e75b9baa82738c14bd62ea67.jpg, 0, 0, 0, 0, 1, 0
crossbite-9_jpeg.rf.4d49be3f2fd4a8a4c21746e4ae0998a9.jpg, 0, 0, 0, 0, 0, 1
overbite-16_jpeg.rf.4a30bf2e699cfb801d3dadfbadc61486.jpg, 0, 0, 0, 0, 1, 0
openbite-54_jpeg.rf.4cb2bb4c29947658dc513799d6997e64.jpg, 0, 1, 0, 1, 0, 0
healthy-20_png.rf.4a3c36177afc5bbd10c1d3e35fbd20a3.jpg, 0, 0, 1, 0, 0, 0
crossbite-7_jpeg.rf.4d0ee4475c0943ee66cbfc6d0e68d697.jpg, 0, 1, 0, 0, 0, 0
underbite-5_png.rf.490718b6ba7c49bcf80a795fdba23e40.jpg, 0, 0, 0, 0, 0, 1
openbite-41_jpeg.rf.4d275ba945eeff308cf52660f9bcf3df.jpg, 0, 0, 0, 1, 0, 0
healthy-14_png.rf.4cc61159f337525b8f777849e473528c.jpg, 0, 0, 1, 0, 0, 0
healthy-22_png.rf.49148a783e0394558982ad0206ab17ee.jpg, 0, 0, 1, 0, 0, 0
overbite-53_jpeg.rf.4d9dad732b63a583f61b681b9cbe87c1.jpg, 0, 0, 0, 0, 1, 0
healthy-47_png.rf.4cee797fc174ac32fd830593bde291bb.jpg, 0, 0, 1, 0, 0, 0
overbite-119_jpeg.rf.4b349116859d6260b9a514bf1da118a6.jpg, 0, 0, 0, 0, 1, 0
openbite-51_jpg.rf.4da418db8bca84845a4ee6165838ecce.jpg, 0, 0, 0, 1, 0, 0
underbite-21_jpeg.rf.4b3bd7342052317386740a77e6b5663f.jpg, 0, 1, 0, 0, 0, 0
openbite-48_png.rf.49aee88d4edae08fcc0a2c3df48c8e56.jpg, 0, 0, 0, 1, 0, 0
healthy-58_png.rf.4d4a12b3dbfb1ab000f243bddb68a645.jpg, 0, 0, 1, 0, 0, 0
healthy-45_png.rf.4b2475148709408919fda14a08c3bf46.jpg, 0, 0, 1, 0, 0, 0
healthy-28_png.rf.50a5a80b1318bc54f66281ecd9334367.jpg, 0, 0, 1, 0, 0, 0
healthy-8_png.rf.4d57c504aea5dd5b36787d083b4265ab.jpg, 0, 0, 1, 0, 0, 0
crossbite-70_png.rf.4d611424ed57cc3a5f434fc0cea80d4b.jpg, 1, 0, 0, 0, 0, 0
healthy-37_png.rf.4f48344d9c1c5480c0bf2151c54e3a4a.jpg, 0, 0, 1, 0, 0, 0
healthy-50_png.rf.50994839be454fd51d9e19305b9a3b8d.jpg, 0, 0, 1, 0, 0, 0
crossbite-43_jpeg.rf.4f0e61860741fddb9b1baca2b450002b.jpg, 0, 1, 0, 0, 0, 0
overbite-91_jpeg.rf.4e255b4d13d77d8ced3b3cf7c3edf426.jpg, 0, 0, 0, 0, 1, 0
openbite-59_png.rf.4fba7af5b06ac8a87f0be9f6934aada0.jpg, 0, 0, 0, 1, 0, 0
overbite-101_png.rf.50d40e80cafd9bd92e2d0ae1f18b55bc.jpg, 0, 0, 0, 0, 1, 0
healthy-42_png.rf.4dce43e7bbfc7c709c24c74f9210137e.jpg, 0, 0, 1, 0, 0, 0
overbite-68_jpeg.rf.50c9237864cc966ba44d97c87b10d86e.jpg, 0, 0, 0, 0, 1, 0
healthy-39_png.rf.4e93d980b7ba0ba78a1612b82cefe1fd.jpg, 0, 0, 1, 0, 0, 0
overbite-83_jpeg.rf.4f404dbeb2bd3f23f575e417a9ba10ea.jpg, 0, 0, 0, 0, 1, 0
overbite-83_jpeg.rf.509bca5121d345e3d2b756108f5068dc.jpg, 0, 0, 0, 0, 1, 0
healthy-27_png.rf.527ae67abab30b5d3af7cc1a8d252bd7.jpg, 0, 0, 1, 0, 0, 0
healthy-54_png.rf.51a18ea3a76923e2df0e4736d27ef568.jpg, 0, 0, 1, 0, 0, 0
crossbite-33_jpeg.rf.52b13dcde0a8009141a1f7f432145839.jpg, 0, 1, 0, 0, 0, 0
crossbite-19_jpeg.rf.535f75b0464b8b117c791d267e914a2f.jpg, 0, 1, 0, 0, 0, 0
healthy-8_png.rf.5431eaa0bafb3a7f9aa68d942cde37e2.jpg, 0, 0, 1, 0, 0, 0
overbite-122_png.rf.4e8fd310e2ae1d9d668b5acdd29d4c2f.jpg, 0, 0, 0, 0, 1, 0
crossbite-63_jpg.rf.51b4b43824cbe5c448d6720fd1fba4f5.jpg, 0, 1, 0, 0, 0, 0
crossbite-66_png.rf.5346b48877a820204234372144b6aeec.jpg, 0, 1, 0, 0, 0, 0
overbite-62_png.rf.53c63e7c9d0d23635cfb68b7ce6ce8ab.jpg, 0, 0, 0, 0, 1, 0
overbite-90_jpeg.rf.53a8ac4458ced3bb38d7cdf6f42cfcc3.jpg, 0, 0, 0, 0, 1, 0
overbite-52_jpeg.rf.5317b64a4872faae5628e1b24a7bb8df.jpg, 0, 0, 0, 0, 1, 0
overbite-90_jpeg.rf.546ae73abdba7a6f34185e98daa63569.jpg, 0, 0, 0, 0, 1, 0
crossbite-61_jpeg.rf.54551f3012b252421aa54b8aafb3066c.jpg, 0, 0, 0, 0, 1, 0
healthy-19_png.rf.55122fef4d86f9771102729b33d698cd.jpg, 0, 0, 1, 0, 0, 0
openbite-36_png.rf.551119fa18afce30e47e67434a1c80eb.jpg, 0, 0, 0, 1, 0, 0
crossbite-22_png.rf.552599d14dd7bb17361553e5f91a594b.jpg, 0, 1, 0, 0, 0, 0
crossbite-29_png.rf.54fbb05c6efd56cde76ea8dde3473072.jpg, 0, 1, 0, 0, 0, 1
overbite-29_jpg.rf.54e6c34f96ab8fe07926d5ff9dccc052.jpg, 0, 0, 0, 0, 1, 0
healthy-30_png.rf.5543bbdc4e53ce89172c5c65cf3efd9b.jpg, 0, 0, 1, 0, 0, 0
crossbite-67_png.rf.556bc0305c29da1bef2dfd185f6971f0.jpg, 0, 1, 0, 0, 0, 0
healthy-47_png.rf.51edd8991c70a39a80dfb67c393c27f9.jpg, 0, 0, 1, 0, 0, 0
healthy-11_png.rf.589997e0070dcb15964dd9e331847da8.jpg, 0, 0, 1, 0, 0, 0
openbite-55_jpeg.rf.56b4c2eafed909a7c976010dc395b724.jpg, 0, 0, 0, 1, 0, 0
crossbite-31_jpg.rf.5647c3b40f79efe4cc409729a63ebd84.jpg, 0, 1, 0, 0, 0, 0
overbite-117_png.rf.56d51bedfd1dfa6948f2c08a833058d8.jpg, 0, 0, 0, 0, 1, 0
crossbite-56_png.rf.55d77406d62e542307c29a768c248e2e.jpg, 0, 1, 0, 0, 0, 0
openbite-12_jpeg.rf.5644c4b35ffe9cfd0b0b47dbbe818321.jpg, 0, 0, 0, 1, 0, 0
crossbite-31_jpg.rf.59760db22836d77785eff04de6bcafbc.jpg, 0, 1, 0, 0, 0, 0
crossbite-21_png.rf.57230c11ba841e0c62b608cc68eafee8.jpg, 0, 1, 0, 0, 0, 0
healthy-60_png.rf.55ceb1330e6678ba4c852eca0f26f750.jpg, 0, 0, 1, 0, 0, 0
openbite-32_png.rf.59ad3bc2da196374779c561dc65e6f2b.jpg, 0, 0, 0, 1, 0, 0
crossbite-63_jpg.rf.57a063777eb327af6def96779681035e.jpg, 0, 1, 0, 0, 0, 0
crossbite-15_jpeg.rf.5984ccee204f6e17b67823a3e88566bb.jpg, 0, 1, 0, 0, 0, 0
overbite-93_jpeg.rf.55122dbb608d7b6bcfbabf4bf0fcbb8a.jpg, 0, 0, 0, 0, 1, 0
underbite-12-growth_jpeg.rf.5971c1b8f528d013ac3cce925aac6718.jpg, 0, 0, 0, 1, 0, 0
overbite-64_png.rf.5a5275d31ae5500347b778698adb9c84.jpg, 0, 0, 0, 0, 1, 0
healthy-9_png.rf.58a9f8876787ed79b464d8200de9c857.jpg, 0, 0, 1, 0, 0, 0
healthy-54_png.rf.5aabd018a200a3caec51d7143772b77d.jpg, 0, 0, 1, 0, 0, 0
openbite-8_jpeg.rf.56f622a1ffa2dcc746fec996d6dc5011.jpg, 0, 0, 0, 1, 0, 0
overbite-69_jpg.rf.585ca444f3c49b7c916196708b53f455.jpg, 0, 0, 0, 0, 1, 0
openbite-44_png.rf.5a21d3f31acc70b9423be00f1154465a.jpg, 0, 0, 0, 1, 0, 0
overbite-52_jpeg.rf.4fabce443c7c14cd30c42fcd4063b8ea.jpg, 0, 0, 0, 0, 1, 0
crossbite-51_jpeg.rf.5d28fcdc0b02ffda386d7f1870b3bfce.jpg, 0, 1, 0, 0, 0, 0
openbite-32_png.rf.579dc973d924da8fda8fd0ee23a1401b.jpg, 0, 0, 0, 1, 0, 0
overbite-81_jpeg.rf.5ac50fccceafe3c061c72aa4f7b14482.jpg, 0, 0, 0, 0, 1, 0
overbite-47_jpeg.rf.5d4e7dcf6d9cf6b7dd5e22293b9bc20c.jpg, 0, 0, 0, 0, 1, 0
openbite-49_png.rf.5f70e055cd2416147701b8b83bd5ef12.jpg, 0, 0, 0, 1, 0, 0
openbite-42_jpeg.rf.5682dd9b6b0eac30ed8a96caa1a511b8.jpg, 0, 0, 0, 1, 0, 0
crossbite-58_jpeg.rf.5e1c07488b0291b62bddf10f4f07ef82.jpg, 0, 1, 0, 0, 0, 1
overbite-9_jpeg.rf.600bf81d5c5ecef07f5b5f89c89b03c4.jpg, 0, 0, 0, 0, 1, 0
openbite-5_jpeg.rf.5dd652602f39278e540eabbd46ab242e.jpg, 0, 0, 0, 1, 0, 0
crossbite-58_jpeg.rf.5af300edecbd67427b15a4e46d710c31.jpg, 0, 1, 0, 0, 0, 1
healthy-48_png.rf.5b85345f5cdc7490615523d5fcd21381.jpg, 0, 0, 1, 0, 0, 0
overbite-63_png.rf.6034d8e7648a20ab2b12d5cb6d338a98.jpg, 0, 0, 0, 0, 1, 0
healthy-42_png.rf.58ade8c8d5fa4103c6e1000b467ade5a.jpg, 0, 0, 1, 0, 0, 0
healthy-32_png.rf.60a39709ba3d3311f41d4f56fd0f5d89.jpg, 0, 0, 1, 0, 0, 0
overbite-58_jpeg.rf.6032ae98459cf02d667c9ea4276c61b8.jpg, 0, 0, 0, 0, 1, 0
openbite-7_jpg.rf.5f3abf8ab61ac7a42b6f38faca2569bf.jpg, 0, 0, 0, 1, 0, 0
crossbite-70_png.rf.607085dbdd6ea266f66706eb8cdfb23f.jpg, 1, 0, 0, 0, 0, 0
overbite-10_jpeg.rf.5d86d0ee9b4e1aaac610a7ad03890ee8.jpg, 0, 0, 0, 0, 1, 0
crossbite-51_jpeg.rf.6138ebcd4eb345eb49f4c7abbf3ec552.jpg, 0, 1, 0, 0, 0, 0
overbite-84_jpeg.rf.6154b967603a191792de47fc473b9796.jpg, 0, 0, 0, 0, 1, 0
underbite-15_jpeg.rf.6262d121776ccfbd1edbef9cdd4fcef6.jpg, 0, 0, 0, 0, 0, 1
crossbite-8_jpeg.rf.5e4dad6d5fe512678041b8aa625612a5.jpg, 0, 1, 0, 0, 0, 0
overbite-101_png.rf.62859cd7ff5490d52a723a677d5d7d5c.jpg, 0, 0, 0, 0, 1, 0
healthy-53_png.rf.60ddf25d6ff8493aeeaaa39476fb9eac.jpg, 0, 0, 1, 0, 0, 0
openbite-4_jpeg.rf.627fad99a27300b881d71cec159e2f7a.jpg, 0, 0, 0, 1, 0, 0
openbite-40_jpeg.rf.619b1c5ab1f471d88ec6c5d8a9715a59.jpg, 0, 0, 0, 1, 0, 0
overbite-72_jpeg.rf.62c58a13777fb1c850c27f7030129bba.jpg, 0, 0, 0, 0, 1, 0
crossbite-13_png.rf.60d0acb680fa0f6aece06a74decb3be1.jpg, 0, 1, 0, 1, 0, 0
crossbite-49_png.rf.628a1bd5a9387ea5c047a5b997fdecbe.jpg, 0, 1, 0, 0, 0, 0
overbite-88_png.rf.5a8250e0f6bdd6d35c3e2fbf93d134eb.jpg, 0, 0, 0, 0, 1, 0
crossbite-44_jpeg.rf.656b1fba4247741fdd35a236b2be4993.jpg, 0, 1, 0, 0, 0, 0
crossbite-39_jpg.rf.648519b81f2b0716366b5e327b61fcb9.jpg, 0, 1, 0, 0, 0, 0
overbite-30_jpg.rf.653b2ce85777e8a5b1bc0cf60a7f2832.jpg, 0, 0, 0, 0, 1, 0
healthy-33_png.rf.612965fc07461691ef65d92a9c66fd37.jpg, 0, 0, 1, 0, 0, 0
underbite-4_png.rf.64eaecaa1d52a394eb01b7910f9b9d42.jpg, 0, 1, 0, 0, 0, 0
openbite-28_jpeg.rf.6441691dd0ab50b2b793ad42952740d4.jpg, 0, 0, 0, 1, 0, 0
openbite-34_jpeg.rf.64875a20b66310c9a31926d0bf8ce954.jpg, 0, 0, 0, 1, 0, 0
underbite-17_jpeg.rf.65d76b81fe71d116c36c056b80c29d92.jpg, 0, 0, 0, 0, 0, 1
overbite-85_jpeg.rf.643a699a35f41305bcb4a1365e6bfc77.jpg, 0, 0, 0, 0, 1, 0
openbite-55_jpeg.rf.67d573eee92f7ea64c5061523362033a.jpg, 0, 0, 0, 1, 0, 0
overbite-75_jpeg.rf.6525514566503538018cb11ca48c9205.jpg, 0, 0, 0, 0, 1, 0
underbite-20_png.rf.679bb391746eceb0dc91b92ad997bbdf.jpg, 0, 1, 0, 0, 0, 0
overbite-49_jpeg.rf.68242a38804d73a2b992325d0c1c7f58.jpg, 0, 0, 0, 0, 1, 0
healthy-31_png.rf.65422329738e2af3ac10f1375b83c53a.jpg, 0, 0, 1, 0, 0, 0
healthy-41_png.rf.64a82b6495860868b9783993b0273eff.jpg, 0, 0, 1, 1, 0, 0
healthy-30_png.rf.63267154fd5d73163084ff8b8d6b1ae4.jpg, 0, 0, 1, 0, 0, 0
crossbite-60_jpeg.rf.6805a0d9b3b91a1c66b2b5341eb6ba71.jpg, 0, 1, 0, 0, 0, 0
underbite-1_jpeg.rf.66a702a747e2fe81706c1d7c5e8b73fc.jpg, 0, 0, 0, 0, 0, 1
crossbite-41_jpeg.rf.659d80b153e92af28c5aae5e9eb8c8c5.jpg, 0, 1, 0, 0, 0, 0
openbite-51_jpg.rf.69529ea73ade544730a780c09c520fe2.jpg, 0, 0, 0, 1, 0, 0
overbite-28_png.rf.6b6e395fa05447ce9cc06afbf55dfc24.jpg, 0, 0, 0, 0, 1, 0
underbite-5_png.rf.6c0b9802a3dfbac153c74e32bbf33a7a.jpg, 0, 0, 0, 0, 0, 1
crossbite-70_png.rf.6ae893f124bbc15907790b401d442768.jpg, 1, 0, 0, 0, 0, 0
crossbite-61_jpeg.rf.6b2dca0e3da7544526261bd73f6786d8.jpg, 0, 0, 0, 0, 1, 0
overbite-109_jpeg.rf.693b93419c9a1708948ea3a01456f8fc.jpg, 0, 0, 0, 0, 1, 0
openbite-5_jpeg.rf.634e2b9f81a575edce1d0446d6cfc4ba.jpg, 0, 0, 0, 1, 0, 0
healthy-43_png.rf.661abdaf4d14f8a9c5336b21b826663d.jpg, 0, 0, 1, 0, 0, 0
crossbite-26_png.rf.6d0bccc172d739953f78cf38f7963221.jpg, 0, 1, 0, 0, 0, 0
crossbite-4_jpeg.rf.65d908fa8f2e72251eef8c669fc11a8c.jpg, 0, 1, 0, 0, 0, 0
openbite-35_png.rf.70717d5556eb77cb9f65d1a54a3ec9ad.jpg, 0, 0, 0, 1, 1, 0
crossbite-9_jpeg.rf.6989a1dd75e0bcd0c29ecb51dfac6f79.jpg, 0, 0, 0, 0, 0, 1
overbite-97_png.rf.7003c3ec87310bad3a32cc627fc9f4d5.jpg, 0, 0, 0, 0, 1, 0
healthy-33_png.rf.721b67e860d00c96a89d3b97eb7e55af.jpg, 0, 0, 1, 0, 0, 0
healthy-22_png.rf.703eb60762064db013c18a32f968f85e.jpg, 0, 0, 1, 0, 0, 0
underbite-14_jpeg.rf.71b37b37a2926a87eaf12b81aaf8753f.jpg, 0, 0, 0, 0, 0, 1
overbite-15_jpeg.rf.707bf0b10975ca44cee5e82f5e495533.jpg, 0, 0, 0, 0, 1, 0
overbite-35_jpeg.rf.6ea7dc8a2e6f7e4162f092a920c7aeb7.jpg, 0, 1, 0, 0, 1, 0
underbite-10_png.rf.72600f244903f5b88a712aafd7a189dc.jpg, 0, 1, 0, 0, 0, 1
crossbite-15_jpeg.rf.6e00d4d067d6a0bd2c08de57ecf4936f.jpg, 0, 1, 0, 0, 0, 0
overbite-110_jpeg.rf.70aca466b70419cb507b45b12baa5989.jpg, 0, 0, 0, 0, 1, 0
openbite-16_jpeg.rf.6d34316aaa2a9fdc5326216d33636426.jpg, 0, 0, 0, 1, 0, 0
healthy-37_png.rf.6f0bb9f2845ec4001d227a11f7b3d5be.jpg, 0, 0, 1, 0, 0, 0
openbite-14_jpeg.rf.69efaadeabd8683353e6be377c8df906.jpg, 0, 0, 0, 1, 0, 0
healthy-57_png.rf.6eae2c1bbc6979e4c3bced871232bc5a.jpg, 0, 0, 1, 0, 0, 0
crossbite-14_jpeg.rf.6ecda6851e9be3d89251dca45876adef.jpg, 0, 1, 0, 0, 0, 0
overbite-86_jpeg.rf.6a310c58fc2a0e987799619329261e6b.jpg, 0, 0, 0, 0, 1, 0
crossbite-30_jpg.rf.6e5565e3ef99e892169baa69da6f8740.jpg, 0, 1, 0, 0, 0, 0
overbite-108_jpeg.rf.72bdf4c87d84d61a512abeaaa45f60f3.jpg, 0, 0, 0, 0, 1, 0
overbite-59_jpg.rf.6d16bf8007e00192b138aaac7204f0ad.jpg, 0, 0, 0, 0, 1, 0
overbite-57_jpeg.rf.73090c6ad443e0800fc114321aa7c2a9.jpg, 0, 0, 0, 0, 1, 0
crossbite-17_jpeg.rf.751accae36f7a819dbd44ffae5d019b4.jpg, 0, 1, 0, 0, 0, 0
overbite-88_png.rf.73c3a70d372351fd29e64698c2eef236.jpg, 0, 0, 0, 0, 1, 0
healthy-36_png.rf.74cac56bdb160e63800a5a2619e8c8c6.jpg, 0, 0, 1, 0, 0, 0
openbite-15_jpeg.rf.6fded35e60b9a8faef069a44afcf377b.jpg, 0, 1, 0, 1, 0, 0
overbite-9_jpeg.rf.74817eaf55da1eea43f3debe465832dc.jpg, 0, 0, 0, 0, 1, 0
overbite-64_png.rf.75211af2ebb26fbe72a7a4b4c92e1fdc.jpg, 0, 0, 0, 0, 1, 0
healthy-25_png.rf.7082046ef31288485f74d22b3edb7af5.jpg, 0, 0, 1, 0, 0, 0
openbite-17_jpeg.rf.7073931384fa6d3881b25a7b5a65b54d.jpg, 0, 0, 0, 1, 0, 0
openbite-2_jpeg.rf.753c955df07f67695231b4898c8b046a.jpg, 0, 0, 0, 1, 0, 0
underbite-20_png.rf.753ba0009178fe3408908b69851569ad.jpg, 0, 1, 0, 0, 0, 0
healthy-41_png.rf.756906f2c3059139524a863a3c22035b.jpg, 0, 0, 1, 1, 0, 0
crossbite-48_jpeg.rf.7554b84069fd8dd9cd89807130ecfa9b.jpg, 0, 1, 0, 0, 0, 0
crossbite-69_png.rf.79d02a33a316eaf325d1ea544e55cfaf.jpg, 0, 1, 0, 0, 0, 0
overbite-86_jpeg.rf.7a2ba2e8da769aa2596a36845e9d8329.jpg, 0, 0, 0, 0, 1, 0
healthy-5_jpeg.rf.7803031d4f4553f47ec715ef30f49677.jpg, 0, 0, 1, 0, 0, 0
underbite-15_jpeg.rf.78aa633f9b30a943e38956ce845f2d80.jpg, 0, 0, 0, 0, 0, 1
healthy-2_jpeg.rf.785fd3d6fae394ccc2f3192b6676576f.jpg, 0, 0, 1, 0, 0, 0
crossbite-32_jpeg.rf.7889393a83f99e13597ca39f2f20c3a3.jpg, 0, 1, 0, 0, 0, 0
healthy-32_png.rf.75bd288bcaeb4bf67bc9fa3056b1951e.jpg, 0, 0, 1, 0, 0, 0
overbite-40_png.rf.75cf813eb70378121af7958a552ef456.jpg, 0, 0, 0, 0, 1, 0
overbite-6_jpeg.rf.785f8c9cb9cdd31cdd1780a174df39fe.jpg, 0, 1, 0, 0, 1, 0
overbite-111_jpeg.rf.78c7b1a6a8a332c7d4123f5bba8acc03.jpg, 0, 0, 0, 0, 1, 0
overbite-3_jpg.rf.79a1a911ed80933eaa317457d28bce5f.jpg, 0, 0, 0, 0, 1, 0
healthy-54_png.rf.797127378f34cf522f884281ae5f8593.jpg, 0, 0, 1, 0, 0, 0
openbite-17_jpeg.rf.7818766d7f0f1ec77afaf13308eb8dc1.jpg, 0, 0, 0, 1, 0, 0
healthy-31_png.rf.788f69b2a59512bb3b2cedfdf0d1ebfe.jpg, 0, 0, 1, 0, 0, 0
overbite-25_png.rf.7ab13d1b52bf33acb194ba3273270aef.jpg, 0, 1, 0, 0, 1, 0
openbite-55_jpeg.rf.79904215e63b55331b86fc4c41dc2bce.jpg, 0, 0, 0, 1, 0, 0
crossbite-66_png.rf.78883896ed67a64043f03818a70397c9.jpg, 0, 1, 0, 0, 0, 0
overbite-91_jpeg.rf.7a449c79f372aff6236b8c8faa5d4495.jpg, 0, 0, 0, 0, 1, 0
openbite-33_jpeg.rf.75809281c8868257fa41d26eb330c891.jpg, 0, 0, 0, 1, 0, 0
crossbite-11_png.rf.75c62455a7bb901ac4db50e69dddb031.jpg, 0, 1, 0, 0, 1, 0
crossbite-45_jpeg.rf.75abf147cbc308dcd1c3f459be31a261.jpg, 0, 0, 0, 0, 1, 0
underbite-16_jpeg.rf.79d41a912efc07ffb8aba98451307b1d.jpg, 0, 0, 0, 0, 0, 1
overbite-47_jpeg.rf.75426a75d4999353e12bdfb6fa05d6b9.jpg, 0, 0, 0, 0, 1, 0
overbite-115_png.rf.7c07bc076820729fe377dc5b6b84603c.jpg, 0, 0, 0, 0, 1, 0
overbite-54_png.rf.7b1bbd200c42de1e73b884707ea1f403.jpg, 0, 0, 0, 0, 1, 0
openbite-12_jpeg.rf.790dd6f002b034045568c65d703897cc.jpg, 0, 0, 0, 1, 0, 0
crossbite-32_jpeg.rf.7ce5aa8db83482c1cf42c8ee73cb4dee.jpg, 0, 1, 0, 0, 0, 0
healthy-16_png.rf.7d1983e81bb565a9a738a0d23596612a.jpg, 0, 0, 1, 0, 0, 0
healthy-40_png.rf.7e0f7a0fa26fc6abba9d28d04e6f89df.jpg, 0, 0, 1, 0, 0, 0
healthy-24_png.rf.7c2afefb384a3a10a8732ebc26e49cdf.jpg, 0, 0, 1, 0, 0, 0
overbite-96_png.rf.7d7dd996abb8d0ad6770c1bb65ef0952.jpg, 0, 0, 0, 0, 1, 0
overbite-109_jpeg.rf.7dc38d01fa7299ba26f0ab4b6d88b398.jpg, 0, 0, 0, 0, 1, 0
overbite-87_jpeg.rf.7c3f8eee399e19f0ba4f3639383c27ea.jpg, 0, 0, 0, 0, 1, 0
healthy-22_png.rf.7c842c12435f767075c74dea0185789c.jpg, 0, 0, 1, 0, 0, 0
overbite-107_jpeg.rf.7f8dd43497c81537c27db84f58b417d3.jpg, 0, 0, 0, 0, 1, 0
overbite-84_jpeg.rf.7af9bb94701e726817be8e77ebe2103d.jpg, 0, 0, 0, 0, 1, 0
healthy-1_png.rf.7c2dffe000ecf39632c0d74ad9669281.jpg, 0, 0, 1, 0, 0, 0
healthy-21_png.rf.7dece38be9778ebff4301bb3d453f864.jpg, 0, 0, 1, 0, 0, 0
overbite-107_jpeg.rf.8099758c3e4f5e7daad70b32e42ea964.jpg, 0, 0, 0, 0, 1, 0
underbite-2_jpeg.rf.7eb486d23b7aa82878196511b6fbd6cb.jpg, 0, 0, 0, 0, 0, 1
healthy-1_png.rf.7fe26d25391a4a3cdbe2bf84d53b7a1a.jpg, 0, 0, 1, 0, 0, 0
openbite-31_png.rf.7fe5b3ea1b73db149e3339dde0a70fee.jpg, 0, 0, 0, 1, 0, 0
overbite-27_png.rf.7dba3bbcf3b308672480af900216379e.jpg, 0, 0, 0, 0, 1, 0
crossbite-16_jpeg.rf.7e0c7b6b38d332c5f41358e43c7eb700.jpg, 0, 1, 0, 0, 0, 0
openbite-61_png.rf.804a69cf4f0bf1556adb828e451c6833.jpg, 0, 0, 0, 1, 0, 0
crossbite-7_jpeg.rf.7ae52a0288f131423548b13106b2ffef.jpg, 0, 1, 0, 0, 0, 0
healthy-58_png.rf.7cda4187353e87ee584f0c4ed9a4b223.jpg, 0, 0, 1, 0, 0, 0
crossbite-34_jpeg.rf.811239f6fe0e3cef3b120252d8a43ac5.jpg, 0, 1, 0, 0, 0, 1
openbite-49_png.rf.814e7b3f766e71d1af1d3e31f12e0009.jpg, 0, 0, 0, 1, 0, 0
overbite-79_png.rf.7e844e8124345ad8c146f5c1ed2d1848.jpg, 0, 0, 0, 0, 1, 0
healthy-10_png.rf.812e37e68e908d579e1f83fcf6e91a31.jpg, 0, 0, 1, 0, 0, 0
crossbite-65_jpeg.rf.7eb5ddbd8ec8b9e1493bba01f1f6ab7f.jpg, 0, 1, 0, 0, 0, 0
healthy-13_png.rf.814bf5d6f199f73dce810adf19dc50d8.jpg, 0, 0, 1, 0, 0, 0
overbite-65_jpeg.rf.005054d28431f108bd54ed9019077fca.jpg, 0, 0, 0, 0, 1, 0
openbite-26_jpeg.rf.002a67ce192bab9fd718010d1ad5bb63.jpg, 0, 0, 0, 1, 0, 0
crossbite-32_jpeg.rf.00fba43a7029d2bd35090921514ffd49.jpg, 0, 1, 0, 0, 0, 0
healthy-10_png.rf.01481befc680efd92a954a46858a5b05.jpg, 0, 0, 1, 0, 0, 0
overbite-41_png.rf.017f0a275a6e10fb39c7acffb319831f.jpg, 0, 0, 0, 0, 1, 0
overbite-78_png.rf.01f98be7463bb65a8ddec2035fb9c430.jpg, 0, 0, 0, 0, 1, 0
overbite-94_jpeg.rf.029a917d0c8eadbb5f3cac921abc9d4d.jpg, 0, 0, 0, 0, 1, 0
crossbite-26_png.rf.02aee9a44e60e8cedd2161773576ad4b.jpg, 0, 1, 0, 0, 0, 0
crossbite-29_png.rf.02bff7ef41ed64760a79613369d5c8fd.jpg, 0, 1, 0, 0, 0, 1
overbite-109_jpeg.rf.02c12ecf8977b7008f99ea4c194ae215.jpg, 0, 0, 0, 0, 1, 0
overbite-69_jpg.rf.02defb4c63b1859b679789d0fbc90fea.jpg, 0, 0, 0, 0, 1, 0
overbite-74_jpg.rf.03169f132cea41a47a751f97c9d07a91.jpg, 0, 0, 0, 0, 1, 0
underbite-11_png.rf.0411ae801da11c537353876bacf4bf1f.jpg, 0, 1, 0, 0, 0, 1
healthy-4_jpeg.rf.04a602053689eddbb27935feaa701915.jpg, 0, 0, 1, 0, 0, 0
overbite-71_jpg.rf.05290ac79e2d782fdc1695aa02e51dbf.jpg, 0, 0, 0, 0, 1, 0
openbite-24_jpeg.rf.0437d770fab3c1132c805f77387be506.jpg, 0, 0, 0, 1, 0, 0
crossbite-38_jpeg.rf.0370efa67b8d043658030ae3bdf64119.jpg, 0, 1, 0, 0, 0, 0
crossbite-66_png.rf.05daedc466f5695851399ec0c718ec58.jpg, 0, 1, 0, 0, 0, 0
overbite-74_jpg.rf.05dba7c86884d9aca97cf80a7e2fde3e.jpg, 0, 0, 0, 0, 1, 0
openbite-15_jpeg.rf.055f3b07168b0a32e94d994926981102.jpg, 0, 1, 0, 1, 0, 0
overbite-35_jpeg.rf.05870bd2d863a8f088d10203aefdd67e.jpg, 0, 1, 0, 0, 1, 0
overbite-93_jpeg.rf.06128e55284c1f7fac853185963be2ec.jpg, 0, 0, 0, 0, 1, 0
underbite-12_png.rf.05f4115436a37b05ef9eeb1a1fc1efae.jpg, 0, 0, 0, 0, 0, 1
underbite-15_jpeg.rf.0623b2355425b55458d23c81f84de398.jpg, 0, 0, 0, 0, 0, 1
healthy-55_png.rf.06c3b054b6f3c4ba441cb46dbee1af5d.jpg, 0, 0, 1, 0, 0, 0
openbite-12_jpeg.rf.064c87565a7caa71cba46d7a0f0166fc.jpg, 0, 0, 0, 1, 0, 0
healthy-29_png.rf.06a91959509b24214ec1307677482cc6.jpg, 0, 0, 1, 0, 0, 0
overbite-95_png.rf.0944580121e7dcdaaa8e457d85c2bb87.jpg, 0, 0, 0, 0, 1, 0
openbite-19_jpeg.rf.0789d734ed37e5928f16826c3df593f5.jpg, 0, 0, 0, 1, 0, 0
healthy-10_png.rf.0a7972b7b67db3a646c7cae1ce4d42f8.jpg, 0, 0, 1, 0, 0, 0
crossbite-20_jpeg.rf.08aaf078f2a71f522987af1f17946100.jpg, 0, 1, 0, 0, 0, 0
healthy-7_png.rf.09ece57ba4ed68880bb3ad6e27155cfd.jpg, 0, 0, 1, 0, 0, 0
overbite-66_jpeg.rf.0a1f6cdc856cb9a350a17a776683a0c5.jpg, 0, 0, 0, 0, 1, 0
crossbite-29_png.rf.08fd8feeceac08598b1ccceccb5d17d6.jpg, 0, 1, 0, 0, 0, 1
overbite-93_jpeg.rf.0b899e1f45374059b7ea85417d788b9a.jpg, 0, 0, 0, 0, 1, 0
overbite-80_png.rf.09f18babad7ef9053cf2849b862106e1.jpg, 0, 0, 0, 0, 1, 0
openbite-58_png.rf.0a28fb6148ec6a1141a02ec6aaed1805.jpg, 0, 0, 0, 1, 0, 0
overbite-71_jpg.rf.06bd86c41b92a52dd60ca8dd6c1d0b61.jpg, 0, 0, 0, 0, 1, 0
openbite-7_jpg.rf.0b33c38471d2f1e44c93f6e479f31c98.jpg, 0, 0, 0, 1, 0, 0
overbite-114_png.rf.0b014b1e14802623e068be15608ea6e0.jpg, 0, 0, 0, 0, 1, 0
overbite-24_jpeg.rf.0abd3c1aab45e6d3ed87a0618d3440fe.jpg, 0, 0, 0, 0, 1, 0
overbite-71_jpg.rf.0a3bb0c786ad4bd66f97963ea7ec1e3a.jpg, 0, 0, 0, 0, 1, 0
overbite-58_jpeg.rf.0bbdcfe4335bd3c80e60d8a1a9debdd8.jpg, 0, 0, 0, 0, 1, 0
underbite-11_png.rf.0755bd539bd2249dce0c51d4f173bab1.jpg, 0, 1, 0, 0, 0, 1
crossbite-65_jpeg.rf.0bcba8b186df8af0519ec2ac604cc28c.jpg, 0, 1, 0, 0, 0, 0
overbite-11_jpeg.rf.071aabc27d29b1db2120e35e7b055e61.jpg, 0, 0, 0, 0, 1, 0
openbite-4_jpeg.rf.0a971f6456f04801a99486e88ec63839.jpg, 0, 0, 0, 1, 0, 0
overbite-37_png.rf.063e941779f2eb75fb4fb316c7b64cf6.jpg, 0, 0, 0, 0, 1, 0
crossbite-71_png.rf.0c1d143ed133facacb3df13dd10db95a.jpg, 0, 1, 0, 0, 0, 0
overbite-40_png.rf.0d5cff5300aeba969a10219407392555.jpg, 0, 0, 0, 0, 1, 0
healthy-26_png.rf.0c45ccc7e22061aa1b4f7bda357edc8b.jpg, 0, 0, 1, 0, 0, 0
underbite-18_png.rf.0d84e7254e6a705af6f73c6a9793bd3d.jpg, 0, 0, 0, 0, 0, 1
overbite-85_jpeg.rf.0a219e7ed62620f08b678677846cf5d9.jpg, 0, 0, 0, 0, 1, 0
healthy-6_jpeg.rf.0c496f548ab7be53e9847768681e23fc.jpg, 0, 0, 1, 0, 0, 0
underbite-12-growth_jpeg.rf.0d9f84020efd01feb69be117e4dcebff.jpg, 0, 0, 0, 1, 0, 0
overbite-3_jpg.rf.0dba19f513b2162363bc2800d8771bc5.jpg, 0, 0, 0, 0, 1, 0
overbite-38_png.rf.12b20816d1cca4dfe8c976156aa7eb81.jpg, 0, 0, 0, 0, 1, 0
crossbite-14_jpeg.rf.0f38559d054d59fd40ec5495bc0c0e0d.jpg, 0, 1, 0, 0, 0, 0
openbite-41_jpeg.rf.126cb183cd76ce7f6ec23f7c45a9d8c5.jpg, 0, 0, 0, 1, 0, 0
underbite-5_png.rf.12174ecf4053d15021115024fea0e368.jpg, 0, 0, 0, 0, 0, 1
openbite-52_jpg.rf.106f408a2ec01d67b27b1c78ca3730ef.jpg, 0, 0, 0, 1, 0, 0
openbite-16_jpeg.rf.0f965e6acb88e7b60afd0695b931b6b9.jpg, 0, 0, 0, 1, 0, 0
openbite-3_jpeg.rf.10632d4d5e6cd358ebc85e42b1e7bc8d.jpg, 0, 0, 0, 1, 0, 0
underbite-12-growth_jpeg.rf.14cb535bda74387bd6bc2558df7f1fca.jpg, 0, 0, 0, 1, 0, 0
openbite-30_jpeg.rf.1273d2da030e63d4210f94b3fe9fe625.jpg, 0, 0, 0, 1, 0, 0
healthy-17_png.rf.101f85b31cc5de22d84e68368bae1f34.jpg, 0, 0, 1, 0, 0, 0
underbite-13_jpeg.rf.0e0f105aca0ae56e94b98a1f82855aec.jpg, 0, 0, 0, 0, 0, 1
openbite-45_png.rf.141bb5342acd58b9818ab419bf953932.jpg, 0, 0, 0, 1, 0, 0
overbite-19_png.rf.1466e022f2e4e77d51d98132c0f0b5a3.jpg, 0, 0, 0, 0, 1, 0
overbite-33_jpeg.rf.150b406e5999f82e5182b6c51d6c204a.jpg, 0, 0, 0, 0, 1, 0
healthy-25_png.rf.12ded0216f4a3b42a5bf51fe0e072970.jpg, 0, 0, 1, 0, 0, 0
healthy-35_png.rf.1652125dbc729d3fe7a1dd9c0c89f931.jpg, 0, 0, 1, 0, 0, 0
overbite-5_png.rf.135cde98c53db272781c7bf153b6775b.jpg, 0, 0, 0, 0, 1, 0
openbite-8_jpeg.rf.1273f2a5adfa0e4b0773ab8f4650fa85.jpg, 0, 0, 0, 1, 0, 0
underbite-9_jpg.rf.1388c7d52eea7c5395fe08f953847430.jpg, 0, 0, 0, 0, 0, 1
overbite-65_jpeg.rf.14a7880eaec3ea8f9408f8d94ac67dae.jpg, 0, 0, 0, 0, 1, 0
healthy-3_jpeg.rf.1654d3d35e79aac6a553368f782bc5bb.jpg, 0, 0, 1, 0, 0, 0
overbite-105_jpeg.rf.163ebb119f0eba9a18772eeab54b44e6.jpg, 0, 0, 0, 0, 1, 0
openbite-60_png.rf.142708762ee9eaa33170c363fb846340.jpg, 0, 0, 0, 1, 0, 0
underbite-17_jpeg.rf.1551ce61fedde90f9dc4ec26ccdcef13.jpg, 0, 0, 0, 0, 0, 1
openbite-45_png.rf.110eaf1d7b03683de5ea9fa74f5834aa.jpg, 0, 0, 0, 1, 0, 0
overbite-102_png.rf.13d72cca37b563df2971981cd6f62ca8.jpg, 0, 0, 0, 0, 1, 0
openbite-53_jpeg.rf.168ecd013141328ef7b023bda09fb050.jpg, 0, 0, 0, 1, 0, 0
overbite-34_jpeg.rf.144a0a309a53eb402864805ef642aa58.jpg, 0, 0, 0, 0, 1, 0
openbite-39_jpeg.rf.173ba8d74de607f12dd75e56786e46a4.jpg, 0, 0, 0, 1, 0, 0
crossbite-43_jpeg.rf.174a5755fcef43fc48d2dd85cf31e490.jpg, 0, 1, 0, 0, 0, 0
healthy-62_png.rf.1a89421038cd2c90bd4f2c0941340043.jpg, 0, 0, 1, 0, 0, 0
crossbite-64_jpg.rf.169d0b37368a427792fc1bd67668e5b3.jpg, 0, 1, 0, 0, 0, 0
crossbite-34_jpeg.rf.15c8e5126d8edcaddede1b9f74b574ac.jpg, 0, 1, 0, 0, 0, 1
overbite-26_png.rf.1a53985713c0751dd08b24d8ea0f6fd2.jpg, 0, 0, 0, 0, 1, 0
underbite-13_jpeg.rf.19acf405889a444e880fb4445bc26602.jpg, 0, 0, 0, 0, 0, 1
healthy-14_png.rf.17857fee19d8413d15cc5d1a8d1e1b5e.jpg, 0, 0, 1, 0, 0, 0
crossbite-17_jpeg.rf.1b8e2d79601fbf3871111343db6bff7c.jpg, 0, 1, 0, 0, 0, 0
openbite-38_jpeg.rf.1b25f9d78edda556cca11c6d71728c15.jpg, 0, 0, 0, 1, 0, 0
overbite-106_jpeg.rf.1a297a46bc878cbba3512619755ef3f7.jpg, 0, 0, 0, 0, 1, 0
openbite-52_jpg.rf.1b33520ac71894d9999e6427618bddeb.jpg, 0, 0, 0, 1, 0, 0
crossbite-57_jpeg.rf.1882d2c40adf2da0240452478d3bc6b2.jpg, 0, 1, 0, 0, 0, 0
overbite-33_jpeg.rf.1ab73c0bae2fcb36fc93338d480755d0.jpg, 0, 0, 0, 0, 1, 0
overbite-118_jpeg.rf.1b2061e9d806c96c6d9aa51e8cb95990.jpg, 0, 0, 0, 0, 1, 0
openbite-45_png.rf.1bdd1071f9774cdbc6a507a2282d7642.jpg, 0, 0, 0, 1, 0, 0
openbite-33_jpeg.rf.1bf467f07d3a248098677136d03af369.jpg, 0, 0, 0, 1, 0, 0
crossbite-23_png.rf.1c1994af4184fbb83bd7d35c6f9de115.jpg, 0, 1, 0, 0, 0, 0
healthy-27_png.rf.1b350f34507f49ab679a6f45ad22fd64.jpg, 0, 0, 1, 0, 0, 0
crossbite-25_jpg.rf.1c30fcfa761c2a5d31c7e78851a29c8e.jpg, 0, 1, 0, 0, 0, 0
crossbite-26_png.rf.1d4d3b046d99388708825510c867a4b5.jpg, 0, 1, 0, 0, 0, 0
overbite-30_jpg.rf.1c27cb7997aa5fdca3dc42eadca46fa1.jpg, 0, 0, 0, 0, 1, 0
underbite-9_jpg.rf.1d86f81ec55007abc0fd5dcb02299da1.jpg, 0, 0, 0, 0, 0, 1
openbite-54_jpeg.rf.1dde22c3a8ef8725c1f8f8cad497738b.jpg, 0, 1, 0, 1, 0, 0
healthy-15_png.rf.1b962cb36091e0c0d8a95d7cec510a11.jpg, 0, 0, 1, 0, 0, 0
overbite-121_jpeg.rf.1ba27f0abb3dc9272bb2580d7274a019.jpg, 0, 0, 0, 0, 1, 0
overbite-60_png.rf.16c2cebd17deab49fc73a4e487f493af.jpg, 0, 0, 0, 0, 1, 0
healthy-59_png.rf.1c493db992cbc7ffbfc7d711c5b3678e.jpg, 0, 0, 1, 0, 0, 0
openbite-2_jpeg.rf.17e91b729b47a63507db6035b243eae8.jpg, 0, 0, 0, 1, 0, 0
overbite-46_jpeg.rf.179fb30f348c9faee8ead206afcde63a.jpg, 0, 0, 0, 0, 1, 0
crossbite-55_png.rf.1eaa2913adaf1346140642ea358e669a.jpg, 0, 1, 0, 0, 0, 0
healthy-12_png.rf.1aec08a6efa67de103bc53385eba9c9c.jpg, 0, 0, 1, 0, 0, 0
healthy-55_png.rf.1dddb5574092cc3906a0522d9808cf2c.jpg, 0, 0, 1, 0, 0, 0
crossbite-67_png.rf.21f8c529de933a8e4876b6c57c4e6ee6.jpg, 0, 1, 0, 0, 0, 0
crossbite-38_jpeg.rf.20050da98b6c1ba1ffdda16d2c6da4fe.jpg, 0, 1, 0, 0, 0, 0
crossbite-19_jpeg.rf.206a3d2b6f2c3a8c0ffd15bc4aed73ea.jpg, 0, 1, 0, 0, 0, 0
overbite-54_png.rf.1ddabb47d55a7bf0548f8af6e7c37778.jpg, 0, 0, 0, 0, 1, 0
healthy-12_png.rf.1f2b0952c5d90eb685c40a680e2168d6.jpg, 0, 0, 1, 0, 0, 0
overbite-29_jpg.rf.1e426c3eeaed13c2321303fc1def4802.jpg, 0, 0, 0, 0, 1, 0
crossbite-16_jpeg.rf.1f35c7f8b1b08a4ff3adb66504e42f6e.jpg, 0, 1, 0, 0, 0, 0
healthy-57_png.rf.1e6d5858d2f375f6f9a1caf484005e9b.jpg, 0, 0, 1, 0, 0, 0
overbite-42_jpeg.rf.21eacf8251042f4d3562eda99d39072b.jpg, 0, 0, 0, 0, 1, 0
healthy-28_png.rf.206db45b7615314c4d42d4ef941255cd.jpg, 0, 0, 1, 0, 0, 0
overbite-107_jpeg.rf.2427a906167ce90ea6890f2af0c08136.jpg, 0, 0, 0, 0, 1, 0
healthy-52_png.rf.226a96120c26c68b2040daf37997f5db.jpg, 0, 0, 1, 0, 0, 0
healthy-23_jpeg.rf.20d146573ee7e8bc77efd1cc71876aba.jpg, 0, 0, 1, 0, 0, 0
overbite-95_png.rf.22567931e36ce31cfe104984098cab97.jpg, 0, 0, 0, 0, 1, 0
healthy-47_png.rf.2332d31f5ac554d6c77abceab0fe57b6.jpg, 0, 0, 1, 0, 0, 0
healthy-56_png.rf.238e540c58eacccf40a0425637d3f8ef.jpg, 0, 0, 1, 0, 0, 0
overbite-60_png.rf.22cdcbbed46bfc64f199aca6c1d2328f.jpg, 0, 0, 0, 0, 1, 0
openbite-26_jpeg.rf.227115c072f7b3e9bf65e7e91a4a7163.jpg, 0, 0, 0, 1, 0, 0
underbite-10_png.rf.22fa0eee87b76b0625e0e1fb4cd92ab5.jpg, 0, 1, 0, 0, 0, 1
overbite-22_png.rf.233fe6b168cea210471cd8d51616c60a.jpg, 0, 0, 0, 0, 1, 0
overbite-97_png.rf.21b0d96492281985339a1069644446b4.jpg, 0, 0, 0, 0, 1, 0
healthy-49_png.rf.2493f9bb87e2fcd3f6cb19cefc811188.jpg, 0, 0, 1, 0, 0, 0
overbite-11_jpeg.rf.2293247f14758145e6c7ab7d2f661ab4.jpg, 0, 0, 0, 0, 1, 0
openbite-15_jpeg.rf.222f8493a5837b084a5961219c803858.jpg, 0, 1, 0, 1, 0, 0
overbite-110_jpeg.rf.2445944c9dd4aa40aff980badb0115b4.jpg, 0, 0, 0, 0, 1, 0
underbite-6_png.rf.2429070abdc9b9d9777725254ac73ca5.jpg, 0, 0, 0, 0, 0, 1
openbite-57_png.rf.252f320bee4d871a69bbe54be11ecd3c.jpg, 0, 0, 0, 1, 0, 0
overbite-41_png.rf.250d8f0bfea3addc39b82630dd83c0a1.jpg, 0, 0, 0, 0, 1, 0
openbite-3_jpeg.rf.2463cfa947e39c737d4b6c96033ebd77.jpg, 0, 0, 0, 1, 0, 0
underbite-22_png.rf.261c5b86b63ab997fda442f8a6ab4336.jpg, 0, 0, 0, 0, 0, 1
underbite-11_png.rf.26065695bbe130b6beee165b6ca1efca.jpg, 0, 1, 0, 0, 0, 1
crossbite-20_jpeg.rf.243210640a8e84c056dc47bf92432dcc.jpg, 0, 1, 0, 0, 0, 0
healthy-3_jpeg.rf.22d47d10d18e6221296242f97557e4d9.jpg, 0, 0, 1, 0, 0, 0
overbite-123_png.rf.25cdd3983d747fc66535a102af1795d9.jpg, 0, 0, 0, 0, 1, 0
crossbite-69_png.rf.261c8bc1b6fec661ae83687456c733bb.jpg, 0, 1, 0, 0, 0, 0
overbite-88_png.rf.2634cb55bb561c7c9013e02e0f5450ba.jpg, 0, 0, 0, 0, 1, 0
healthy-15_png.rf.24c54ce48649cfc943fc381d5816145f.jpg, 0, 0, 1, 0, 0, 0
openbite-28_jpeg.rf.26d8d285e5a7b3a8ed33aecb22494fa1.jpg, 0, 0, 0, 1, 0, 0
overbite-82_jpeg.rf.26a4fabe47e8ece40564cc819bcc1c77.jpg, 0, 0, 0, 0, 1, 0
openbite-36_png.rf.26d1e1e1c1d95ec40fdfd523588eb3cb.jpg, 0, 0, 0, 1, 0, 0
overbite-110_jpeg.rf.245d7c20831af617afe9625f35e25256.jpg, 0, 0, 0, 0, 1, 0
healthy-39_png.rf.26852981d2d0a38b79a951027360ebc6.jpg, 0, 0, 1, 0, 0, 0
healthy-61_png.rf.279761c6cc956395a1dc13b4287610cc.jpg, 0, 0, 1, 0, 0, 0
crossbite-20_jpeg.rf.26d5739301c75c1add4d5fb344355d4b.jpg, 0, 1, 0, 0, 0, 0
healthy-29_png.rf.282e5582e2f7a62e77cd2a1c406b66a3.jpg, 0, 0, 1, 0, 0, 0
crossbite-40_jpg.rf.27866cc0e4a213dd1dd82db21e63c97c.jpg, 0, 0, 0, 0, 1, 0
overbite-115_png.rf.28616a2cb75f4a829db7e87219d13814.jpg, 0, 0, 0, 0, 1, 0
openbite-1_jpeg.rf.271240a025357f551c5457f16e224ca2.jpg, 0, 0, 0, 1, 0, 0
healthy-56_png.rf.28fa5d485c5eab3d3d63d1cde0b8fa2a.jpg, 0, 0, 1, 0, 0, 0
overbite-113_jpeg.rf.28a8cf815c23094c85c7c5fde3dd7c21.jpg, 0, 0, 0, 0, 1, 0
overbite-77_jpeg.rf.2982cde4894b283a56cecfefb8e3e828.jpg, 0, 0, 0, 0, 1, 0
healthy-40_png.rf.2b0f8fa2185a501ce9ad1693a01ef101.jpg, 0, 0, 1, 0, 0, 0
healthy-23_jpeg.rf.2836c6b29c4376e12b490b6a5b353ab5.jpg, 0, 0, 1, 0, 0, 0
healthy-61_png.rf.29fe1234c6774550c8450b2998f51d59.jpg, 0, 0, 1, 0, 0, 0
healthy-20_png.rf.2961198c5b7d17bd4a85b56b4f32e0c5.jpg, 0, 0, 1, 0, 0, 0
overbite-124_png.rf.2962ba0e18bee77930ad2b5cc0311490.jpg, 0, 0, 0, 0, 1, 0
crossbite-52_jpeg.rf.28574ca3fcc46cd7aeb08ee097ea6d50.jpg, 0, 1, 0, 0, 0, 0
overbite-124_png.rf.2a5cfccef27bc253598bf6ab39ae04cc.jpg, 0, 0, 0, 0, 1, 0
overbite-116_png.rf.2b4a49fba6e84bccc04d7be76a2e0015.jpg, 0, 0, 0, 0, 1, 0
healthy-42_png.rf.2b864164a14d1a9e61d64f588bdfab4f.jpg, 0, 0, 1, 0, 0, 0
overbite-46_jpeg.rf.29792442a3fd9c06bf6ce8bf369aa4c5.jpg, 0, 0, 0, 0, 1, 0
openbite-27_jpeg.rf.2c1bbe518a9bca8e02fa985359d7e6d4.jpg, 0, 1, 0, 1, 0, 0
openbite-42_jpeg.rf.2cb0a64b5f173c8bcd348563f02019c4.jpg, 0, 0, 0, 1, 0, 0
healthy-25_png.rf.2b46dec01e8ec7deb2f4da9d9185f85c.jpg, 0, 0, 1, 0, 0, 0
crossbite-54_png.rf.27b4137f429dcaa90cd734a537905cf3.jpg, 0, 1, 0, 0, 0, 0
overbite-56_jpeg.rf.2d49fe2b5fd1d8a827bcd604e1eef336.jpg, 0, 0, 0, 0, 1, 0
crossbite-49_png.rf.2c0d8b898e9707bf27d07199a5dacafb.jpg, 0, 1, 0, 0, 0, 0
healthy-60_png.rf.2d87ea737124be689f28bab0a2f9708f.jpg, 0, 0, 1, 0, 0, 0
healthy-7_png.rf.2c4e32b936d4d44289b056b3b62a773a.jpg, 0, 0, 1, 0, 0, 0
overbite-48_jpeg.rf.2da580e31ecef4116bb325a3a2724f37.jpg, 0, 0, 0, 0, 1, 0
overbite-27_png.rf.2ed9bcaad3664c577873fedc70a599ad.jpg, 0, 0, 0, 0, 1, 0
underbite-2_jpeg.rf.2e589bba8935a842f15b2506a0688545.jpg, 0, 0, 0, 0, 0, 1
overbite-124_png.rf.2fa2e0b2ee0f59336fb21b36252de898.jpg, 0, 0, 0, 0, 1, 0
crossbite-41_jpeg.rf.2f0c3c4dcf22ac778f8b314ebd6ec497.jpg, 0, 1, 0, 0, 0, 0
openbite-37_png.rf.2e21ace35c6ac7d2c4c849baabe2fcae.jpg, 0, 0, 0, 1, 0, 0
overbite-99_png.rf.2b468fc8a94bc321dbeefa8407968ba4.jpg, 0, 0, 0, 0, 1, 0
healthy-46_png.rf.2d6de598f50cb28390bbe841aec45242.jpg, 0, 0, 1, 0, 0, 0
overbite-5_png.rf.26a016ec93adb228b778f55678ec211e.jpg, 0, 0, 0, 0, 1, 0
overbite-27_png.rf.2f73a92c6f96bd1c123d14b4fc6616ec.jpg, 0, 0, 0, 0, 1, 0
healthy-12_png.rf.27cd19d70372eeceb633d430dd2d7a02.jpg, 0, 0, 1, 0, 0, 0
underbite-21_jpeg.rf.30984d1b76e123afa08c29e1bf54f457.jpg, 0, 1, 0, 0, 0, 0
openbite-20_png.rf.2dfd90ab7310c24f05e6e403ead96386.jpg, 0, 0, 0, 1, 0, 0
healthy-36_png.rf.30c4e88721db8ca85748caca45b4186c.jpg, 0, 0, 1, 0, 0, 0
crossbite-27_png.rf.2ee38c3aed7f8e35372d9c5237afcbb7.jpg, 0, 1, 0, 0, 0, 0
underbite-2_jpeg.rf.334042edbfb94ee3c471e0079419a1ff.jpg, 0, 0, 0, 0, 0, 1
overbite-43_jpeg.rf.3200ade5745d58afeafdbb81dbe24ad4.jpg, 0, 0, 0, 0, 1, 0
crossbite-62_jpg.rf.33b808bbd4a80c36947fb4299465370b.jpg, 0, 1, 0, 0, 0, 0
openbite-22_jpg.rf.2d4528ad8f966d0ec56a202046a0eb02.jpg, 0, 0, 0, 1, 0, 0
overbite-122_png.rf.34c5c5b43a75f83d17ee7be974482c9e.jpg, 0, 0, 0, 0, 1, 0
openbite-44_png.rf.3391ce0e2e74368d91a400c540b90997.jpg, 0, 0, 0, 1, 0, 0
overbite-55_png.rf.33def9065e18e83cf98cf8b57b4586d0.jpg, 0, 0, 0, 0, 1, 0
overbite-3_jpg.rf.32152cf79f1be9ce092195013a5286a6.jpg, 0, 0, 0, 0, 1, 0
crossbite-13_png.rf.3553a644d60fafcccdbd2344f60833d6.jpg, 0, 1, 0, 1, 0, 0
overbite-57_jpeg.rf.3538551270abaac4910f532cc4a98c50.jpg, 0, 0, 0, 0, 1, 0
openbite-61_png.rf.3877b85b9b5c7b1fe8664b736287c4f7.jpg, 0, 0, 0, 1, 0, 0
overbite-111_jpeg.rf.35a4af0e0c8f66f5bf670691fab60449.jpg, 0, 0, 0, 0, 1, 0
crossbite-47_jpeg.rf.35c0343a7d6db3dd8efb3393693f689f.jpg, 0, 1, 0, 0, 0, 0
overbite-92_jpeg.rf.35004b7036ed374c3e528db4e83d865b.jpg, 0, 0, 0, 1, 0, 0
underbite-14_jpeg.rf.33273e10600539d4f407ea36027801c2.jpg, 0, 0, 0, 0, 0, 1
openbite-53_jpeg.rf.35552b1efcab0050239f4567fa714e1d.jpg, 0, 0, 0, 1, 0, 0
overbite-41_png.rf.372b213ed7fad795acb5997baec8f740.jpg, 0, 0, 0, 0, 1, 0
healthy-26_png.rf.38e3b77db7cb55da1f727f0672164d42.jpg, 0, 0, 1, 0, 0, 0
crossbite-4_jpeg.rf.33aaa175f52fa94ce4e6fee74050c57c.jpg, 0, 1, 0, 0, 0, 0
overbite-21_jpeg.rf.326a16d14b7b922cfe17d34aff03b948.jpg, 0, 0, 0, 0, 1, 0
crossbite-41_jpeg.rf.37ba1aba960c13960dfa8c89196a8e46.jpg, 0, 1, 0, 0, 0, 0
underbite-6_png.rf.34dfbf3839eeb0a8cfa61d6e7ce6c519.jpg, 0, 0, 0, 0, 0, 1
openbite-18_jpeg.rf.27b0cf359154ce703d4a25f27caa23bc.jpg, 0, 0, 0, 1, 0, 0
overbite-69_jpg.rf.381d9c4ac21aa3058d2ca82a4e2e38d8.jpg, 0, 0, 0, 0, 1, 0
openbite-9_png.rf.388145c71fd19e82fa2ee2579f94b4db.jpg, 0, 0, 0, 1, 0, 0
crossbite-23_png.rf.30e83c1f8d9f320e410ba9249f0728c3.jpg, 0, 1, 0, 0, 0, 0
overbite-82_jpeg.rf.346583a23584bee2de7d02d7e2a3e630.jpg, 0, 0, 0, 0, 1, 0
underbite-12_png.rf.39e0e2e32bf075add05b5a2e59f46e66.jpg, 0, 0, 0, 0, 0, 1
overbite-45_jpeg.rf.38807d1d765659c4771dd9822d19d704.jpg, 0, 0, 0, 0, 1, 0
overbite-670_jpg.rf.39943b225eb33c6c6eecf73c78d83030.jpg, 0, 0, 0, 0, 1, 0
healthy-53_png.rf.3a77c2251365249405d0e8ef5ca5d97a.jpg, 0, 0, 1, 0, 0, 0
overbite-51_jpeg.rf.3a070642256c96397d29249b3af70ab1.jpg, 0, 0, 0, 0, 1, 0
overbite-57_jpeg.rf.3edaf78d70317809f1547103e54f3c28.jpg, 0, 0, 0, 0, 1, 0
openbite-52_jpg.rf.3b2c2d1f48d7fe63c2fcae0c9ebb6674.jpg, 0, 0, 0, 1, 0, 0
overbite-3_jpeg.rf.3fac87e000d96d685d0c33f285fa81f5.jpg, 0, 0, 0, 0, 1, 0
crossbite-62_jpg.rf.39115935c3283c4a64c4c5f089aa8838.jpg, 0, 1, 0, 0, 0, 0
overbite-86_jpeg.rf.3a72c3b336518000c51b6fddadff54ba.jpg, 0, 0, 0, 0, 1, 0
overbite-105_jpeg.rf.3bda1e1219ad082e63b9193af1907078.jpg, 0, 0, 0, 0, 1, 0
crossbite-44_jpeg.rf.3c19c1b43c50919d32f5659b88d37c4d.jpg, 0, 1, 0, 0, 0, 0
healthy-24_png.rf.3b4f814bb818527d98775d6cc71080d2.jpg, 0, 0, 1, 0, 0, 0
crossbite-5_jpeg.rf.39196025bf989ea0d3f296919354250a.jpg, 0, 1, 0, 0, 0, 0
crossbite-19_jpeg.rf.3edaa93abfddce1e539c698358e1afe0.jpg, 0, 1, 0, 0, 0, 0
crossbite-48_jpeg.rf.3e2e77889fd23adfb3cf092c04ee0c32.jpg, 0, 1, 0, 0, 0, 0
overbite-106_jpeg.rf.3b4bf5afd6cadd0509f76cb4c30cf264.jpg, 0, 0, 0, 0, 1, 0
overbite-96_png.rf.3e36ca371462da3a5637065ad2ca4699.jpg, 0, 0, 0, 0, 1, 0
crossbite-6_jpeg.rf.3ee8b3c08ad630c8e1b7d321b24f28ff.jpg, 0, 1, 0, 0, 0, 1
overbite-87_jpeg.rf.3e46b4c19a745646e199bcf41884246e.jpg, 0, 0, 0, 0, 1, 0
openbite-24_jpeg.rf.3b2f782a53835b467fe169db35fe1b95.jpg, 0, 0, 0, 1, 0, 0
overbite-112_jpeg.rf.3c815dac5527e124e6b1e8a22291c645.jpg, 0, 0, 0, 0, 1, 0